,existence-full,existence-content management,existence-data storage & processing,existence-devops and cloud,existence-soa and middlewares,existence-software development tools,existence-web development,executive-full,executive-content management,executive-data storage & processing,executive-devops and cloud,executive-soa and middlewares,executive-software development tools,executive-web development,existence-executive-full,existence-executive-content management,existence-executive-data storage & processing,existence-executive-devops and cloud,existence-executive-soa and middlewares,existence-executive-software development tools,existence-executive-web development,property-full,property-content management,property-data storage & processing,property-devops and cloud,property-soa and middlewares,property-software development tools,property-web development,existence-property-full,existence-property-content management,existence-property-data storage & processing,existence-property-devops and cloud,existence-property-soa and middlewares,existence-property-software development tools,existence-property-web development,executive-property-full,executive-property-content management,executive-property-data storage & processing,executive-property-devops and cloud,executive-property-soa and middlewares,executive-property-software development tools,executive-property-web development,existence-executive-property-full,existence-executive-property-content management,existence-executive-property-data storage & processing,existence-executive-property-devops and cloud,existence-executive-property-soa and middlewares,existence-executive-property-software development tools,existence-executive-property-web development,-full,-content management,-data storage & processing,-devops and cloud,-soa and middlewares,-software development tools,-web development,
existence-full,,Less (3.262623737316928e-299),Greater (1.0),Greater (1.0),Greater (1.0),Equal (0.7446832424968814),Less (1.694358791675917e-08),Greater (1.0),Greater (1.0),Greater (1.0),Greater (1.0),Greater (1.0),Greater (1.0),Greater (1.0),Greater (0.9999999999998865),Less (2.7166184387975274e-47),Less (1.706265154493895e-11),Greater (1.0),Greater (0.9988754026778596),Less (0.00035146183661588276),Equal (0.14336162681002687),Less (4.165133620260835e-10),Less (2.02781684441845e-37),Less (6.858969799457168e-06),Greater (0.9999912582609085),Equal (0.17793321580227495),Equal (0.6065386907324684),Equal (0.7306484841586056),Less (4.194834468934048e-238),Less (1.6147586164363773e-73),Less (3.5447132044253663e-158),Less (6.716190878280449e-19),Less (5.955630219882825e-09),Less (9.550810112410107e-10),Less (4.407038976200282e-22),Greater (0.9999999999922524),Less (1.6095088239065525e-14),Greater (0.9999999999962322),Greater (1.0),Greater (0.9974352420619341),Equal (0.9208570376022966),Greater (0.9999432165837889),Less (6.281905850722265e-49),Less (1.0294143797660171e-17),Less (4.992784832178093e-31),Less (0.0019827676135382322),Less (1.506694090918077e-05),Less (0.0013836975728626444),Less (4.580994564692362e-08),Greater (1.0),Less (1.981103890548298e-144),Greater (1.0),Greater (1.0),Greater (1.0),Greater (1.0),Greater (1.0),
existence-content management,,,Greater (1.0),Greater (1.0),Greater (1.0),Greater (1.0),Greater (1.0),Greater (1.0),Greater (1.0),Greater (1.0),Greater (1.0),Greater (1.0),Greater (1.0),Greater (1.0),Greater (1.0),Less (3.357457139381658e-05),Greater (1.0),Greater (1.0),Greater (1.0),Greater (0.9999994986508017),Greater (0.9999999999951003),Greater (1.0),Greater (0.9970815491936436),Greater (1.0),Greater (1.0),Greater (1.0),Greater (1.0),Greater (1.0),Greater (0.9989018259835979),Less (0.001963936378439629),Equal (0.4433368406797509),Greater (0.999988376617842),Greater (0.9999999999960374),Greater (0.999483356366361),Equal (0.5764655279843128),Greater (1.0),Greater (0.9996326811585001),Greater (1.0),Greater (1.0),Greater (1.0),Greater (1.0),Greater (1.0),Less (0.003604265572740018),Less (1.4039802388898654e-06),Less (1.6388440477844117e-06),Greater (0.9999713286570605),Equal (0.7733348319532225),Equal (0.9842528768843705),Less (0.014442561242004371),Greater (1.0),Greater (1.0),Greater (1.0),Greater (1.0),Greater (1.0),Greater (1.0),Greater (1.0),
existence-data storage & processing,,,,Greater (0.9999999878635314),Greater (0.9999370580403324),Less (8.384136931142748e-11),Less (2.8885332370341494e-32),Greater (1.0),Greater (1.0),Greater (1.0),Greater (1.0),Greater (1.0),Greater (1.0),Greater (1.0),Equal (0.6605109686530335),Less (5.333932171195488e-69),Less (2.898372767796718e-28),Greater (1.0),Equal (0.9011872092310624),Less (9.838099217844399e-09),Less (0.00020558328149550642),Less (9.135082038998305e-47),Less (1.1118489306111302e-65),Less (3.375069578683669e-27),Equal (0.1734825860284046),Equal (0.10484812922588552),Less (0.00028767697176777194),Less (0.008772491761555593),Less (0.0),Less (7.597344838483261e-113),Less (7.701203971203445e-236),Less (5.25542005840389e-35),Less (4.341703600562426e-20),Less (1.9974003294016887e-18),Less (4.8715664616468574e-36),Equal (0.36817083773027925),Less (3.428265943332225e-27),Greater (0.9999005856647635),Greater (0.999999999999734),Equal (0.2897430316324012),Less (0.00832335910793953),Greater (0.9884869901959078),Less (9.153737640088974e-73),Less (3.7078242652569367e-23),Less (5.469796911217723e-43),Less (1.469309490979779e-06),Less (4.93205718415827e-08),Less (4.700812479789927e-05),Less (7.683983000348568e-11),Greater (1.0),Less (1.754847875334136e-223),Greater (1.0),Greater (1.0),Greater (1.0),Greater (1.0),Greater (1.0),
existence-devops and cloud,,,,,Equal (0.3656496371796836),Less (9.893138065071762e-17),Less (2.3014179444091775e-36),Greater (1.0),Greater (1.0),Greater (1.0),Greater (1.0),Greater (1.0),Greater (1.0),Greater (1.0),Less (1.5569176293572198e-07),Less (2.1570676722994907e-57),Less (8.363177444199267e-32),Greater (1.0),Equal (0.0815261654199411),Less (1.7189055672708304e-09),Less (6.0395219970899985e-06),Less (4.6525885908363987e-45),Less (1.9408552250591558e-56),Less (4.8981333310798333e-29),Equal (0.7890418140576969),Less (0.005045229992130452),Less (2.2565367244320476e-05),Less (0.0005957805636262242),Less (1.2387760544014305e-228),Less (6.256088573399968e-89),Less (3.67000951219897e-178),Less (2.5955202725861314e-33),Less (1.7393305479117303e-20),Less (3.412995391089548e-17),Less (2.0171762033855135e-32),Less (0.004995776558423667),Less (6.484300529323154e-25),Equal (0.37293228117799404),Greater (0.9999959580806179),Equal (0.5170987214549214),Less (0.0008282069248175855),Equal (0.48921110553119496),Less (5.125156711271296e-63),Less (3.8401761559118607e-19),Less (1.3718599188727385e-36),Less (1.4500454818585046e-07),Less (1.4778475151635062e-07),Less (0.00011022400094176154),Less (2.5096532086900813e-09),Greater (0.9999999999999739),Less (1.2098374889781249e-138),Greater (1.0),Greater (1.0),Greater (1.0),Greater (0.9999999999999999),Greater (0.9776578739365719),
existence-soa and middlewares,,,,,,Less (6.40645319821666e-16),Less (5.297594572042774e-35),Greater (1.0),Greater (1.0),Greater (1.0),Greater (1.0),Greater (1.0),Greater (1.0),Greater (1.0),Less (0.00013872888816255947),Less (1.9541431916351767e-70),Less (8.49254747673672e-33),Greater (1.0),Equal (0.17053742134804017),Less (8.812911334429082e-11),Less (3.742068931896202e-06),Less (4.1834161362874354e-45),Less (4.7836062475226334e-67),Less (2.80323693230606e-31),Equal (0.8658615022958721),Less (0.002322621933904316),Less (3.6991050089011167e-06),Less (0.00025361551140528694),Less (4.445993191056233e-227),Less (1.2482477198154252e-109),Less (1.0576502456572534e-189),Less (2.2592329840148333e-38),Less (1.3147053787973627e-23),Less (6.490914432508498e-21),Less (8.150265946345554e-39),Equal (0.06416086405727307),Less (3.616510671164757e-30),Equal (0.08511674376659761),Greater (0.9999999568455676),Equal (0.9472402907875456),Less (0.0005143557835451895),Equal (0.2259957635733777),Less (3.61745309100408e-74),Less (4.763109493169007e-24),Less (7.198272213196591e-45),Less (3.212338171128045e-08),Less (6.698196281833389e-09),Less (1.7251066886187003e-05),Less (1.7667663452829955e-11),Greater (0.9999999999999999),Less (3.1652294244966045e-110),Greater (1.0),Greater (1.0),Greater (1.0),Greater (1.0),Greater (0.9996399360238222),
existence-software development tools,,,,,,,Less (7.3303934926013085e-06),Greater (1.0),Greater (1.0),Greater (1.0),Greater (1.0),Greater (1.0),Greater (1.0),Greater (1.0),Greater (0.9999993864663276),Less (5.65631246715832e-45),Less (1.1294249275359758e-09),Greater (1.0),Greater (0.9978590236948488),Less (0.0002972608096325715),Equal (0.12416073169524854),Less (3.451382098946272e-06),Less (7.768043065470663e-33),Less (9.633269036857833e-05),Greater (0.9999530487962045),Equal (0.26058695448597147),Equal (0.5245479799717542),Equal (0.8375453277230196),Less (6.859690454216785e-104),Less (2.5981992787313804e-64),Less (6.728494104911132e-94),Less (4.0229574269835824e-17),Less (1.8046576366647624e-08),Less (9.348199718381816e-10),Less (3.1249202899986823e-21),Greater (0.9999999295799573),Less (3.791926405649531e-14),Greater (0.999999999850266),Greater (1.0),Greater (0.9969496289988833),Equal (0.884049348335618),Greater (0.9999180082263194),Less (1.997811856311273e-44),Less (2.0560886285445286e-18),Less (5.030435959104619e-31),Less (0.0017489002340644168),Less (9.929696573081706e-06),Less (0.0010096083588837005),Less (2.038994628792168e-08),Greater (1.0),Less (4.2288366089373005e-20),Greater (1.0),Greater (1.0),Greater (1.0),Greater (1.0),Greater (1.0),
existence-web development,,,,,,,,Greater (1.0),Greater (1.0),Greater (1.0),Greater (1.0),Greater (1.0),Greater (1.0),Greater (1.0),Greater (1.0),Less (1.4609564222270962e-29),Less (0.0030688450565002283),Greater (1.0),Greater (0.9999996319386638),Equal (0.10169679879525742),Equal (0.8775146819525236),Equal (0.5074484176932056),Less (2.0613801168539428e-17),Equal (0.5793345522935365),Greater (0.9999999992894237),Greater (0.9995878395700553),Equal (0.11875306460768137),Greater (0.9878898740300148),Less (2.60150889859548e-59),Less (4.533993111791189e-40),Less (2.0475970361570387e-55),Less (2.7011291516063488e-08),Less (0.0020981435405578656),Less (6.12543483004847e-05),Less (2.193754225937767e-12),Greater (1.0),Less (3.4713244762054427e-07),Greater (1.0),Greater (1.0),Greater (0.9999697661039489),Equal (0.1283070963307027),Greater (0.999999639378524),Less (1.2343131917518436e-28),Less (7.576256845350628e-14),Less (6.580568002416873e-22),Equal (0.14520738150022688),Less (0.0005581550122368699),Less (0.010538820474169286),Less (3.1113357192195084e-06),Greater (1.0),Less (0.0041314380201848844),Greater (1.0),Greater (1.0),Greater (1.0),Greater (1.0),Greater (1.0),
executive-full,,,,,,,,,Less (0.0),Less (4.1925781534901725e-13),Greater (1.0),Greater (1.0),Less (0.0),Greater (1.0),Less (0.0),Less (2.0208963383982063e-260),Less (0.0),Less (7.039643103218161e-250),Less (1.0092917926900188e-125),Less (1.296952563061843e-95),Less (4.575478014803054e-87),Less (0.0),Less (0.0),Less (0.0),Less (1.6118135535609315e-107),Less (4.787597428703905e-117),Less (6.66263827927818e-123),Less (1.2704647165722817e-107),Less (0.0),Less (0.0),Less (0.0),Less (6.400278676556273e-289),Less (3.066897875010191e-224),Less (1.3253778445732814e-133),Less (1.1286672005412455e-198),Less (0.0),Less (6.2271507379663835e-192),Less (1.701743043815478e-131),Less (4.4089875959666426e-58),Less (2.953798307548996e-53),Less (1.6397148234506568e-76),Less (3.284353172271156e-37),Less (0.0),Less (1.4376677260400436e-54),Less (1.1333810809597781e-135),Less (1.7501823467409404e-69),Less (3.950618626533275e-33),Less (9.749032739680861e-19),Less (5.638891097378742e-30),Less (0.0),Less (0.0),Less (0.0),Less (0.0),Less (0.0),Less (0.0),Less (0.0),
executive-content management,,,,,,,,,,Greater (1.0),Greater (1.0),Greater (1.0),Greater (1.0),Greater (1.0),Less (1.4389462059501253e-75),Less (8.887454343174307e-116),Less (2.0053497063778305e-94),Equal (0.058403107733210724),Less (9.709575594645464e-14),Less (6.571604209249238e-26),Less (9.832266214820862e-19),Less (1.0809604643926174e-198),Less (1.0818996745361432e-136),Less (8.828354469835292e-122),Less (7.240739423566123e-10),Less (2.1649293416259176e-17),Less (4.6452423873617366e-23),Less (4.627690586269666e-18),Less (0.0),Less (5.90905336530587e-193),Less (0.0),Less (1.4830225561939584e-85),Less (1.2649054367618237e-58),Less (2.976136004467821e-43),Less (8.984690967185709e-73),Less (6.370410628207636e-40),Less (1.8100975622494695e-62),Less (1.3242693918351929e-07),Equal (0.7726696960146824),Less (1.8774127491091323e-05),Less (3.660521587580931e-14),Less (0.005190174861812562),Less (2.880876342233758e-129),Less (1.5835072319684495e-32),Less (2.0591249343406935e-67),Less (5.973823593024289e-19),Less (2.705124136340286e-14),Less (1.6166416658190893e-08),Less (2.8418819350483043e-16),Less (9.941726735242902e-26),Less (0.0),Equal (0.06851003170313866),Greater (1.0),Less (1.197711044589663e-06),Less (1.7286219052516145e-22),Less (2.65405963833425e-58),
executive-data storage & processing,,,,,,,,,,,Greater (1.0),Greater (1.0),Less (3.5472724592857985e-185),Greater (1.0),Less (0.0),Less (3.796881999984227e-245),Less (0.0),Less (6.126260241802161e-187),Less (1.8850067841914867e-110),Less (3.771122306238895e-88),Less (6.368048291573177e-79),Less (0.0),Less (0.0),Less (0.0),Less (1.0156002748574184e-94),Less (2.988062676637617e-105),Less (1.0882112668070085e-111),Less (3.1364512856595924e-97),Less (0.0),Less (0.0),Less (0.0),Less (1.4790203157286465e-262),Less (2.4543838032112497e-204),Less (9.253085450303158e-125),Less (3.5308791427618755e-185),Less (0.0),Less (2.594959241260842e-178),Less (1.702852966157908e-112),Less (9.01238718360915e-49),Less (7.255175058064589e-47),Less (9.474941153807198e-70),Less (1.4327888098980235e-32),Less (8.802704840916648e-300),Less (3.738574341845954e-53),Less (1.3303894109369921e-129),Less (4.73129742225763e-64),Less (1.909891458198203e-31),Less (6.158743315962075e-18),Less (4.882657038314509e-29),Less (0.0),Less (0.0),Less (0.0),Less (1.63060373522242e-190),Less (0.0),Less (0.0),Less (0.0),
executive-devops and cloud,,,,,,,,,,,,Greater (0.9999993578722438),Less (0.0),Equal (0.23216413944101089),Less (0.0),Less (0.0),Less (0.0),Less (0.0),Less (1.8163667323096662e-203),Less (6.216894050728312e-139),Less (5.2989396994446346e-130),Less (0.0),Less (0.0),Less (0.0),Less (4.969810250474695e-176),Less (9.360989827657993e-184),Less (2.9476424565377174e-189),Less (4.147663289585001e-167),Less (0.0),Less (0.0),Less (0.0),Less (0.0),Less (0.0),Less (7.750562421078513e-190),Less (1.921459158051485e-271),Less (0.0),Less (4.484818156204311e-271),Less (2.123230479184135e-220),Less (2.5311543558114647e-107),Less (5.735201810597818e-87),Less (3.904102674304442e-119),Less (1.8419844922101723e-62),Less (0.0),Less (1.841353354461968e-68),Less (3.44592029006919e-176),Less (6.486195386507132e-101),Less (9.730305867717191e-45),Less (3.1459244395036465e-25),Less (1.342342492897842e-38),Less (0.0),Less (0.0),Less (0.0),Less (0.0),Less (0.0),Less (0.0),Less (0.0),
executive-soa and middlewares,,,,,,,,,,,,,Less (0.0),Less (0.00018422271767596447),Less (0.0),Less (2.590056723726928e-293),Less (0.0),Less (0.0),Less (5.283737892140704e-166),Less (8.90293971048883e-119),Less (2.770966030649676e-112),Less (0.0),Less (0.0),Less (0.0),Less (7.658864171045877e-146),Less (2.7001947647365065e-152),Less (5.184740042648365e-156),Less (1.3032410156059315e-138),Less (0.0),Less (0.0),Less (0.0),Less (0.0),Less (8.260740719350017e-267),Less (1.8624810137991176e-159),Less (1.046626179449713e-231),Less (0.0),Less (4.240057302821965e-226),Less (1.480224761287515e-182),Less (1.04878087829436e-90),Less (4.590608978006977e-74),Less (4.616264898437171e-98),Less (3.662028463711578e-54),Less (0.0),Less (3.82427138807308e-61),Less (6.822250012362472e-154),Less (5.365836949576464e-87),Less (2.5667192385442446e-39),Less (4.970273982556154e-22),Less (2.370024649538446e-34),Less (0.0),Less (0.0),Less (0.0),Less (0.0),Less (0.0),Less (0.0),Less (0.0),
executive-software development tools,,,,,,,,,,,,,,Greater (1.0),Less (3.7855662278032186e-179),Less (5.320053377543744e-119),Less (1.7174915263276914e-134),Less (2.284872731600726e-16),Less (6.192025111791172e-29),Less (5.171837390275554e-34),Less (8.604513676106969e-28),Less (3.312223469808119e-308),Less (4.3836469640975603e-156),Less (4.8414343745285855e-182),Less (1.3619765170831809e-21),Less (5.058319608057891e-29),Less (5.706215888361203e-34),Less (5.399489319563992e-29),Less (0.0),Less (7.333010168697876e-200),Less (0.0),Less (7.227572913790973e-105),Less (2.0859547625729437e-76),Less (9.897505008490232e-51),Less (7.777315128745483e-82),Less (1.699780606121074e-92),Less (8.839917030220939e-73),Less (1.7385093739394584e-23),Less (4.3328275565780075e-06),Less (9.85393148657164e-13),Less (3.000017727631607e-22),Less (9.352030493600877e-08),Less (5.38125290576787e-141),Less (1.4913373258844527e-30),Less (2.416393507676142e-68),Less (1.460610790155213e-25),Less (1.1704299070796578e-15),Less (4.725628642465398e-09),Less (8.561504452925342e-16),Less (9.229316104217816e-179),Less (0.0),Less (8.193180659047559e-99),Greater (1.0),Less (4.5112045124211317e-104),Less (2.6481691977677173e-164),Less (2.3919385301457557e-241),
executive-web development,,,,,,,,,,,,,,,Less (0.0),Less (6.999701376954416e-284),Less (0.0),Less (0.0),Less (1.973920759144558e-159),Less (5.3661312918345504e-114),Less (1.1947563198853438e-107),Less (0.0),Less (0.0),Less (0.0),Less (5.58278839112972e-138),Less (8.775902942477269e-145),Less (9.801532437807856e-150),Less (1.8813660158190666e-132),Less (0.0),Less (0.0),Less (0.0),Less (0.0),Less (3.824396772125401e-257),Less (1.0739576004713191e-153),Less (2.987970931716541e-223),Less (0.0),Less (2.0180253290199445e-218),Less (6.529967003578479e-174),Less (3.2245403671807907e-85),Less (6.966020852230415e-71),Less (3.4994971620111545e-94),Less (4.0176751307497157e-51),Less (0.0),Less (3.964262134786991e-59),Less (6.151277024905557e-149),Less (1.3463768971410903e-83),Less (4.55843935875407e-38),Less (2.507639586305574e-21),Less (3.394075253957136e-33),Less (0.0),Less (0.0),Less (0.0),Less (0.0),Less (0.0),Less (0.0),Less (0.0),
existence-executive-full,,,,,,,,,,,,,,,,Less (1.0001636953071841e-58),Less (1.3662684172785002e-22),Greater (1.0),Equal (0.7682928208746986),Less (1.4817441853791724e-07),Less (0.0007085567694804087),Less (1.4042456268395927e-27),Less (6.024051028031897e-53),Less (5.814643133763026e-19),Equal (0.10746349455313735),Equal (0.24442315271707704),Less (0.0016092523535331932),Less (0.024800949134192615),Less (7.444189552855354e-197),Less (2.0432380486950722e-91),Less (1.1607294995529437e-161),Less (1.7521980556732996e-28),Less (1.177090602940114e-16),Less (8.505806759230317e-16),Less (1.1477626705035632e-30),Equal (0.2207220469210619),Less (5.733810407260944e-23),Greater (0.9998974480174094),Greater (0.9999999999990107),Equal (0.29282525954361527),Less (0.018149315718554708),Greater (0.9894665248445581),Less (2.022216127577103e-61),Less (5.019310304370181e-21),Less (3.4251178137730284e-38),Less (6.676457761361147e-06),Less (2.55302122928343e-07),Less (0.00011640115998427176),Less (6.384280613766335e-10),Greater (1.0),Less (1.4032142374037703e-81),Greater (1.0),Greater (1.0),Greater (1.0),Greater (1.0),Greater (1.0),
existence-executive-content management,,,,,,,,,,,,,,,,,Greater (1.0),Greater (1.0),Greater (1.0),Greater (0.999999999480329),Greater (0.9999999999999705),Greater (1.0),Greater (0.9999998182616597),Greater (1.0),Greater (1.0),Greater (1.0),Greater (1.0),Greater (1.0),Greater (0.9999996913585245),Equal (0.09256146247292858),Greater (0.9999801542296869),Greater (0.9999999866582197),Greater (0.999999999999966),Greater (0.999999842387159),Greater (0.9988123011527551),Greater (1.0),Greater (0.9999999595281135),Greater (1.0),Greater (1.0),Greater (1.0),Greater (1.0),Greater (1.0),Equal (0.277703367593525),Less (0.0026693621618783976),Equal (0.11381206476214915),Greater (0.9999999242681586),Equal (0.27814280557682336),Equal (0.3222608474472475),Equal (0.37420064487133053),Greater (1.0),Greater (1.0),Greater (1.0),Greater (1.0),Greater (1.0),Greater (1.0),Greater (1.0),
existence-executive-data storage & processing,,,,,,,,,,,,,,,,,,Greater (1.0),Greater (0.9999999999499107),Equal (0.7933901382089664),Equal (0.10435425174714603),Greater (0.9992857169952732),Less (1.2375219255391708e-08),Greater (0.9981218777841135),Greater (0.9999999999999165),Greater (0.999998961650929),Greater (0.998776423368718),Greater (0.9998864166777597),Less (6.627748840178579e-18),Less (7.706520602626056e-24),Less (1.5324599353648066e-20),Less (0.0016617210511986273),Equal (0.3949927635168523),Less (0.008389007202119205),Less (3.5594881834360125e-07),Greater (1.0),Less (0.0006955134299375349),Greater (1.0),Greater (1.0),Greater (0.9999999753636681),Greater (0.9971909415832593),Greater (0.9999999997981122),Less (5.146297367950057e-17),Less (3.081528802561894e-12),Less (7.377260021953878e-17),Equal (0.824388309378093),Less (0.0037468694662577025),Equal (0.055544450436015455),Less (2.1255928610297932e-05),Greater (1.0),Equal (0.12819604922700487),Greater (1.0),Greater (1.0),Greater (1.0),Greater (1.0),Greater (1.0),
existence-executive-devops and cloud,,,,,,,,,,,,,,,,,,,Less (1.882122305717659e-17),Less (4.9459910162832776e-29),Less (9.08599282896096e-21),Less (3.87470323125559e-138),Less (2.3662123538959488e-132),Less (1.226761277947191e-107),Less (2.7134919377163945e-12),Less (1.1322091256339022e-20),Less (1.9120228901894885e-27),Less (1.100567517809085e-21),Less (0.0),Less (6.018134088071694e-182),Less (8.058630836646666e-295),Less (4.2114182763416603e-82),Less (3.2508209391341134e-62),Less (3.0487181141221825e-48),Less (1.663527203442062e-74),Less (1.3704429479422202e-37),Less (2.135510539627583e-67),Less (1.2725995793559408e-09),Equal (0.2440721939939482),Less (4.2828152060704996e-07),Less (4.475722204852262e-18),Less (0.0008005052803325586),Less (3.811735921801864e-125),Less (6.875723921963319e-35),Less (7.083878861434006e-71),Less (1.1276719689264894e-21),Less (6.164690377702076e-16),Less (1.0881960266105473e-09),Less (6.993119232624733e-18),Less (4.6852246680827974e-15),Less (2.415980566846558e-231),Less (0.0027415610905704674),Greater (1.0),Less (2.042956399252659e-05),Less (1.3689224748322033e-15),Less (2.932901696777912e-30),
existence-executive-soa and middlewares,,,,,,,,,,,,,,,,,,,,Less (1.0811686107305509e-06),Less (0.0014392035936790894),Less (2.6389988437764785e-08),Less (9.711211527611002e-29),Less (5.958968871971992e-08),Equal (0.397912648589238),Equal (0.17956932553159743),Less (0.0025350646702741583),Equal (0.05390015986149351),Less (4.97244393703156e-42),Less (5.0443514458271036e-49),Less (3.186062846246863e-45),Less (1.9209290795105363e-16),Less (5.350919965746503e-11),Less (4.439797360519508e-13),Less (1.3861508638695331e-21),Equal (0.7882905578691657),Less (4.2244585632242486e-17),Greater (0.9918748257328228),Greater (0.9999999079549958),Equal (0.40014761958935274),Less (0.017608273584136358),Equal (0.055282945579800645),Less (1.7468141615697373e-36),Less (2.3826911165080374e-21),Less (3.6634412225328335e-32),Less (1.918900516641567e-05),Less (1.0751334946972331e-07),Less (5.5241630923208353e-05),Less (1.4112342943993695e-10),Greater (0.9999967737704836),Less (8.05391603025825e-13),Greater (0.9999999999994188),Greater (1.0),Greater (0.9999999977808176),Greater (0.9999992284619202),Greater (0.9966010073018483),
existence-executive-software development tools,,,,,,,,,,,,,,,,,,,,,Equal (0.18154626634963222),Greater (0.9782352766270284),Less (0.0008000369645348015),Greater (0.9788893728926407),Greater (0.9999999147933943),Greater (0.9998250969884415),Greater (0.9936098522511595),Greater (0.9982510478428904),Less (3.853196885042679e-05),Less (1.471122429142255e-09),Less (2.9114359503580713e-06),Equal (0.08836474707118441),Equal (0.802461661730614),Equal (0.12367402067621798),Less (0.00045580502289489365),Greater (0.99999998988795),Equal (0.05124100247167743),Greater (0.9999999999822234),Greater (1.0),Greater (0.999992436410642),Greater (0.9945271018728733),Greater (0.9999998751205728),Less (5.557600588251668e-08),Less (5.15763279253376e-10),Less (9.975610654591327e-11),Equal (0.994035464501432),Less (0.012692758927121432),Equal (0.09061741722432366),Less (9.195565515627438e-05),Greater (0.9999999999999999),Equal (0.291567042448853),Greater (1.0),Greater (1.0),Greater (1.0),Greater (1.0),Greater (0.9999999999991127),
existence-executive-web development,,,,,,,,,,,,,,,,,,,,,,Equal (0.9853951845105388),Less (4.113643208116135e-07),Equal (0.9923895731954554),Greater (0.9998914163489279),Greater (0.9802163492227236),Equal (0.3644177330355375),Equal (0.16904148473174074),Less (1.9151762198569744e-09),Less (1.0699063808761327e-14),Less (4.903057250501942e-11),Less (0.0006218568179189468),Equal (0.05046991608568586),Less (0.0015819897457790234),Less (1.2915762300676974e-06),Greater (0.999913154567566),Less (0.00019600244787952229),Greater (0.9999996413187936),Greater (0.9999999999994409),Greater (0.9984552630897426),Equal (0.31787440013642376),Greater (0.9999435666391975),Less (3.696139598002546e-12),Less (9.167172893719078e-12),Less (2.3260565120683077e-14),Equal (0.20036599667211474),Less (0.0011109189078885749),Less (0.011350578967222507),Less (9.848264248161243e-06),Greater (0.9999999999781105),Equal (0.322327979260164),Greater (0.9999999999999999),Greater (1.0),Greater (0.9999999999999182),Greater (0.9999999999978625),Greater (0.9999999456207568),
property-full,,,,,,,,,,,,,,,,,,,,,,,Less (7.7567709660948e-24),Equal (0.8738058858220471),Greater (0.9999999998958606),Greater (0.9994965370912523),Equal (0.17687613529124468),Greater (0.9865334705478066),Less (9.862797381913573e-93),Less (4.851443615655372e-55),Less (8.647005295767306e-81),Less (2.288692779587344e-11),Less (0.0002870162246154292),Less (2.3881316811364546e-06),Less (3.1774845765853764e-16),Greater (1.0),Less (2.363225571284069e-09),Greater (1.0),Greater (1.0),Greater (0.999996827723792),Equal (0.09986548095774238),Greater (0.9999999629493107),Less (3.890927429863332e-37),Less (3.5074405560403173e-17),Less (2.451941989034388e-27),Equal (0.10020144294425452),Less (0.00011359728811951488),Less (0.004171170488061798),Less (1.2583174340454106e-07),Greater (1.0),Less (6.389486174684936e-06),Greater (1.0),Greater (1.0),Greater (1.0),Greater (1.0),Greater (1.0),
property-content management,,,,,,,,,,,,,,,,,,,,,,,,Greater (1.0),Greater (1.0),Greater (1.0),Greater (0.9999999999999093),Greater (0.9999999999999966),Equal (0.28342515362015275),Less (4.753601256367322e-06),Less (0.020244200829956444),Equal (0.12923601222391864),Greater (0.9999532281347238),Equal (0.1512400169833713),Equal (0.2657123348923578),Greater (1.0),Equal (0.21303556568568427),Greater (1.0),Greater (1.0),Greater (1.0),Greater (0.9999999999940183),Greater (1.0),Less (5.3991736807210356e-05),Less (2.6309027906528127e-08),Less (2.4688136539855575e-08),Greater (0.9970133676496248),Equal (0.34014659213988574),Equal (0.5503507131692131),Less (0.0018398336187836369),Greater (1.0),Greater (1.0),Greater (1.0),Greater (1.0),Greater (1.0),Greater (1.0),Greater (1.0),
property-data storage & processing,,,,,,,,,,,,,,,,,,,,,,,,,Greater (0.9999999994385352),Greater (0.9990852745491675),Equal (0.21333202829136388),Greater (0.9828685050578058),Less (2.4044014896540764e-59),Less (1.8596565434420995e-50),Less (1.1983424778471161e-58),Less (2.1714905514776827e-10),Less (0.000378354305534343),Less (2.1170527928074006e-06),Less (1.289587168280485e-15),Greater (1.0),Less (2.590447713701845e-09),Greater (1.0),Greater (1.0),Greater (0.9999978300617386),Equal (0.11519452998926177),Greater (0.9999999705227919),Less (2.165240865370137e-34),Less (1.0272868227176213e-17),Less (2.1879849720752545e-27),Equal (0.10322699363602363),Less (7.409906095173733e-05),Less (0.0033823063396164347),Less (7.167758804957627e-08),Greater (1.0),Less (0.0008811862997226509),Greater (1.0),Greater (1.0),Greater (1.0),Greater (1.0),Greater (1.0),
property-devops and cloud,,,,,,,,,,,,,,,,,,,,,,,,,,Less (0.022787262431790165),Less (0.00041144855028609005),Less (0.004950804970806061),Less (1.2343906616843742e-47),Less (1.8192330412011466e-51),Less (2.2037205421356002e-50),Less (3.134387719262395e-19),Less (7.18220946352761e-13),Less (4.117576938453746e-14),Less (1.309334564299084e-23),Equal (0.373776503318076),Less (1.141761313673949e-18),Equal (0.18903804774688382),Greater (0.9999842238567369),Equal (0.9928030987502908),Less (0.005340848079467348),Equal (0.2837135534534859),Less (1.6770090676245388e-39),Less (4.627934001585742e-21),Less (3.618877037224325e-33),Less (2.0558379269283058e-06),Less (6.327311607980093e-08),Less (4.056296738983005e-05),Less (1.5759656592662714e-10),Greater (0.998964887389615),Less (2.1924411759659776e-16),Greater (0.9999999877270094),Greater (1.0),Greater (0.9999935731862137),Greater (0.9997160182139306),Equal (0.19211401926679017),
property-soa and middlewares,,,,,,,,,,,,,,,,,,,,,,,,,,,Equal (0.17198974352889218),Equal (0.5392128784380139),Less (2.6598503975711823e-29),Less (2.3815426615043103e-36),Less (5.73618517001135e-32),Less (1.0268383957202846e-11),Less (7.641433699296279e-07),Less (6.235397732017827e-09),Less (3.14716105624141e-16),Equal (0.07401181909562653),Less (1.2275444641370962e-11),Greater (0.9997914280425007),Greater (0.9999999990841185),Equal (0.09209510096016038),Equal (0.474785673506137),Greater (0.9959497922841476),Less (3.9542312267451343e-28),Less (1.5707541367547183e-18),Less (2.439431359638309e-26),Less (0.0009095974741184475),Less (3.9813032391261655e-06),Less (0.00043548393493309987),Less (5.3074722820722325e-09),Greater (0.9999999840335918),Less (6.545411308928596e-07),Greater (0.9999999999999989),Greater (1.0),Greater (0.9999999999823893),Greater (0.9999999989376369),Greater (0.9999436839565616),
property-software development tools,,,,,,,,,,,,,,,,,,,,,,,,,,,,Equal (0.4878325457214837),Less (1.1112340403562243e-19),Less (7.783631328772756e-28),Less (3.701892470473183e-22),Less (8.63019623946992e-08),Less (0.00035843755955051),Less (2.918956767982517e-06),Less (3.4243025450284217e-12),Greater (0.9998049494994107),Less (4.272679401677359e-08),Greater (0.9999998356514586),Greater (0.9999999999999589),Greater (0.9979892969297068),Equal (0.5977387503115428),Greater (0.9999334950455945),Less (8.683836302926404e-22),Less (1.7560744486131385e-17),Less (6.792080706953233e-23),Less (0.016261616012227715),Less (4.0128081577173096e-05),Less (0.0013391855261208887),Less (2.7376036978058086e-08),Greater (0.9999999999993242),Less (0.0032539840750055904),Greater (1.0),Greater (1.0),Greater (0.9999999999999997),Greater (0.99999999999998),Greater (0.9999999802184035),
property-web development,,,,,,,,,,,,,,,,,,,,,,,,,,,,,Less (1.2606265442903849e-21),Less (6.337753983268608e-29),Less (4.925065154128301e-24),Less (9.079373604718979e-09),Less (4.084887209054651e-05),Less (5.140715111943486e-07),Less (6.689188270140495e-13),Greater (0.9934013530779633),Less (4.099216397281298e-09),Greater (0.9999749364302095),Greater (0.9999999999176888),Greater (0.9842503346683209),Equal (0.8677774652562765),Greater (0.9989240996734129),Less (1.4630752427796644e-22),Less (1.1617507167034788e-16),Less (1.5339587130656441e-22),Less (0.005308905791489633),Less (2.5897350438072593e-05),Less (0.001123663645502376),Less (3.521267863585233e-08),Greater (0.999999998781026),Less (0.0001900188429898999),Greater (0.9999999999999999),Greater (1.0),Greater (0.9999999999981989),Greater (0.9999999999147354),Greater (0.9999953953972179),
existence-property-full,,,,,,,,,,,,,,,,,,,,,,,,,,,,,,Less (3.930823092285629e-06),Equal (0.07736765497175739),Greater (0.9981158905459957),Greater (0.9999999777921716),Greater (0.9876803753962877),Equal (0.6218565138051333),Greater (1.0),Greater (0.9836818731096859),Greater (1.0),Greater (1.0),Greater (1.0),Greater (0.9999999999999865),Greater (1.0),Less (7.090121579553204e-05),Less (2.5852587631832006e-07),Less (8.05857875268583e-08),Greater (0.9995024040006828),Equal (0.4881071344450607),Equal (0.725303840916043),Less (0.00608865234567137),Greater (1.0),Greater (1.0),Greater (1.0),Greater (1.0),Greater (1.0),Greater (1.0),Greater (1.0),
existence-property-content management,,,,,,,,,,,,,,,,,,,,,,,,,,,,,,,Greater (0.9994864113978168),Greater (0.9999999277572493),Greater (0.9999999999999926),Greater (0.9999981052114829),Greater (0.9850921301804799),Greater (1.0),Greater (0.9999992193377362),Greater (1.0),Greater (1.0),Greater (1.0),Greater (1.0),Greater (1.0),Equal (0.8182653574648356),Less (5.715414911589684e-05),Less (0.0016126447460238491),Greater (0.9999998641024163),Equal (0.6273030210066984),Equal (0.5599095866681787),Equal (0.10960745176978152),Greater (1.0),Greater (1.0),Greater (1.0),Greater (1.0),Greater (1.0),Greater (1.0),Greater (1.0),
existence-property-data storage & processing,,,,,,,,,,,,,,,,,,,,,,,,,,,,,,,,Greater (0.9999002822179837),Greater (0.9999999996985112),Greater (0.9980035570950292),Equal (0.7825471845998347),Greater (1.0),Greater (0.9978924478094371),Greater (1.0),Greater (1.0),Greater (1.0),Greater (0.9999999999999999),Greater (1.0),Less (0.0025048655877163897),Less (1.191803023236307e-06),Less (1.49868686625172e-06),Greater (0.9999294716519647),Equal (0.6880283060170822),Equal (0.8964464763984084),Less (0.011747075828930495),Greater (1.0),Greater (1.0),Greater (1.0),Greater (1.0),Greater (1.0),Greater (1.0),Greater (1.0),
existence-property-devops and cloud,,,,,,,,,,,,,,,,,,,,,,,,,,,,,,,,,Equal (0.05376687669788054),Equal (0.8619169665243618),Less (0.015556222395704894),Greater (1.0),Equal (0.8392781568949196),Greater (1.0),Greater (1.0),Greater (0.9999999999504579),Greater (0.999998532962308),Greater (0.9999999999996999),Less (8.86633619430065e-07),Less (5.061759609155345e-08),Less (4.20541477835216e-09),Equal (0.17322650028333264),Equal (0.15314372278294067),Equal (0.3427678584081012),Less (0.0016925774892097626),Greater (1.0),Greater (0.9999999655321864),Greater (1.0),Greater (1.0),Greater (1.0),Greater (1.0),Greater (1.0),
existence-property-soa and middlewares,,,,,,,,,,,,,,,,,,,,,,,,,,,,,,,,,,Equal (0.11769406364465641),Less (4.6989633232118495e-05),Greater (1.0),Less (0.015517955277974714),Greater (1.0),Greater (1.0),Greater (0.9999999839985534),Greater (0.9994806258426637),Greater (0.9999999998297371),Less (2.1301455503025827e-11),Less (5.490954419993594e-11),Less (2.137725437259229e-13),Equal (0.8092230817128371),Less (0.009313082234932516),Equal (0.09603017255378202),Less (6.313807724130589e-05),Greater (1.0),Greater (0.9845975723751423),Greater (1.0),Greater (1.0),Greater (1.0),Greater (1.0),Greater (1.0),
existence-property-software development tools,,,,,,,,,,,,,,,,,,,,,,,,,,,,,,,,,,,Less (0.020777019845755182),Greater (1.0),Equal (0.7374807120901657),Greater (1.0),Greater (1.0),Greater (0.9999999998095771),Greater (0.9999965190318051),Greater (0.9999999999986411),Less (1.7228453004076188e-05),Less (8.179144590518578e-09),Less (1.0568415912246192e-08),Equal (0.17761164979499966),Equal (0.12293309680815351),Equal (0.2936544914770268),Less (0.0005960300484376465),Greater (1.0),Greater (0.9998365763935667),Greater (1.0),Greater (1.0),Greater (1.0),Greater (1.0),Greater (1.0),
existence-property-web development,,,,,,,,,,,,,,,,,,,,,,,,,,,,,,,,,,,,Greater (1.0),Equal (0.05566803018361621),Greater (1.0),Greater (1.0),Greater (0.999999999999996),Greater (0.9999999998293034),Greater (1.0),Less (0.017462191208697894),Less (8.944088720294323e-06),Less (4.729248749392712e-05),Greater (0.997883903606677),Equal (0.6845590141880995),Equal (0.8561394871342234),Less (0.017276920506838767),Greater (1.0),Greater (0.999999999999489),Greater (1.0),Greater (1.0),Greater (1.0),Greater (1.0),Greater (1.0),
executive-property-full,,,,,,,,,,,,,,,,,,,,,,,,,,,,,,,,,,,,,Less (3.357212516919104e-25),Greater (0.9977621863775438),Greater (0.9999999997065467),Equal (0.503383547247674),Less (0.006871866807886528),Equal (0.061529586158557616),Less (1.6242252456269948e-62),Less (2.291913022262415e-23),Less (2.2275015026364734e-41),Less (1.0488444923432542e-06),Less (3.720933691706269e-08),Less (3.5366719324151906e-05),Less (4.559951221275274e-11),Greater (1.0),Less (1.9401385382214986e-50),Greater (1.0),Greater (1.0),Greater (1.0),Greater (1.0),Greater (0.9999992582748342),
executive-property-content management,,,,,,,,,,,,,,,,,,,,,,,,,,,,,,,,,,,,,,Greater (1.0),Greater (1.0),Greater (0.9999999999993922),Greater (0.9999999266487921),Greater (0.9999999999999976),Less (1.1885702926435379e-05),Less (5.38957430271872e-09),Less (5.0362558551038e-09),Equal (0.07637094668593554),Equal (0.1706981739318253),Equal (0.30909018294911117),Less (0.0006201483863666362),Greater (1.0),Greater (0.9999991077970469),Greater (1.0),Greater (1.0),Greater (1.0),Greater (1.0),Greater (1.0),
executive-property-data storage & processing,,,,,,,,,,,,,,,,,,,,,,,,,,,,,,,,,,,,,,,Greater (0.999368479591843),Equal (0.32279894290833566),Less (2.9924485707401606e-05),Equal (0.8006239891723054),Less (1.7737343229237014e-54),Less (2.336548746061167e-25),Less (4.096034556787406e-42),Less (4.43480515803916e-09),Less (5.332395654293641e-10),Less (2.557931673876044e-06),Less (9.313173794742197e-13),Equal (0.06237069166395396),Less (3.4471233095431044e-31),Greater (0.9999987845226718),Greater (1.0),Greater (0.9998257522080516),Greater (0.9810268363121258),Equal (0.8219959697103372),
executive-property-devops and cloud,,,,,,,,,,,,,,,,,,,,,,,,,,,,,,,,,,,,,,,,Less (0.000301938060553359),Less (2.149210797726872e-10),Less (0.017092311349192015),Less (5.373689400194566e-63),Less (1.5089446861673864e-30),Less (3.2520588530174415e-50),Less (1.3996219355352315e-14),Less (3.400247326832267e-13),Less (2.4709763757957727e-08),Less (8.08885540925887e-16),Less (0.0062444123819011725),Less (1.0713948032951968e-41),Equal (0.8135357601920116),Greater (0.9999999999999999),Equal (0.30805499779908496),Less (0.007900713760810623),Less (1.415587720283144e-05),
executive-property-soa and middlewares,,,,,,,,,,,,,,,,,,,,,,,,,,,,,,,,,,,,,,,,,Less (0.0057689622488861746),Equal (0.36370122575850594),Less (3.0014921320695256e-23),Less (6.768239135476463e-18),Less (6.979063594374535e-24),Less (4.258235221095338e-05),Less (6.445415618853036e-07),Less (6.144274918799323e-05),Less (2.6293894659760286e-09),Greater (0.9876607633674809),Less (1.739933927568074e-08),Greater (0.9999539272969584),Greater (1.0),Greater (0.9993748209966519),Greater (0.9904812219909864),Equal (0.2916914480666035),
executive-property-software development tools,,,,,,,,,,,,,,,,,,,,,,,,,,,,,,,,,,,,,,,,,,Greater (0.9996050550194387),Less (2.5009235719468473e-17),Less (5.031001999641025e-17),Less (2.6877898840171255e-20),Less (0.016360913032476478),Less (1.87998817092762e-05),Less (0.0007229346964379635),Less (1.6284982913054786e-08),Greater (0.9999999527391541),Less (0.0040761361048254905),Greater (0.9999999999997755),Greater (1.0),Greater (0.9999999997177763),Greater (0.999999992601678),Greater (0.999979074724619),
executive-property-web development,,,,,,,,,,,,,,,,,,,,,,,,,,,,,,,,,,,,,,,,,,,Less (1.544404066387116e-25),Less (3.880958101645924e-20),Less (2.0926544794443763e-26),Less (1.2859367039626067e-06),Less (1.4932536900550533e-08),Less (6.532691447851188e-06),Less (6.750235019479166e-11),Equal (0.44286412008591036),Less (1.2910476912762862e-10),Greater (0.9878063129592636),Greater (0.9999999999999837),Equal (0.08975514214093301),Equal (0.38197994102946353),Equal (0.7390492751417466),
existence-executive-property-full,,,,,,,,,,,,,,,,,,,,,,,,,,,,,,,,,,,,,,,,,,,,Less (0.0006260959776416586),Less (0.0072168929837984),Greater (0.9999970952787626),Equal (0.6042817312325015),Equal (0.5783707863429851),Equal (0.22252664390338994),Greater (1.0),Greater (1.0),Greater (1.0),Greater (1.0),Greater (1.0),Greater (1.0),Greater (1.0),
existence-executive-property-content management,,,,,,,,,,,,,,,,,,,,,,,,,,,,,,,,,,,,,,,,,,,,,Equal (0.1445177840669537),Greater (0.9999999873953537),Greater (0.996982646551846),Greater (0.9950569965563518),Equal (0.2115477403639333),Greater (1.0),Greater (0.9999999999999984),Greater (1.0),Greater (1.0),Greater (1.0),Greater (1.0),Greater (1.0),
existence-executive-property-data storage & processing,,,,,,,,,,,,,,,,,,,,,,,,,,,,,,,,,,,,,,,,,,,,,,Greater (0.9999999918493833),Equal (0.0680626545478982),Equal (0.10741871489624781),Equal (0.9363181962905105),Greater (1.0),Greater (1.0),Greater (1.0),Greater (1.0),Greater (1.0),Greater (1.0),Greater (1.0),
existence-executive-property-devops and cloud,,,,,,,,,,,,,,,,,,,,,,,,,,,,,,,,,,,,,,,,,,,,,,,Less (0.015415234390770369),Equal (0.10803544104568523),Less (0.00029313641307581584),Greater (0.9999999999987301),Equal (0.38686180417704885),Greater (1.0),Greater (1.0),Greater (0.9999999999999841),Greater (0.9999999999998872),Greater (0.9999999988741932),
existence-executive-property-soa and middlewares,,,,,,,,,,,,,,,,,,,,,,,,,,,,,,,,,,,,,,,,,,,,,,,,Equal (0.9497745643225248),Equal (0.16498219627064226),Greater (0.9999999998904896),Greater (0.9993444044685075),Greater (0.9999999999994197),Greater (1.0),Greater (0.9999999999720866),Greater (0.9999999999845006),Greater (0.9999999961172895),
existence-executive-property-software development tools,,,,,,,,,,,,,,,,,,,,,,,,,,,,,,,,,,,,,,,,,,,,,,,,,Equal (0.1528219282401577),Greater (0.9999982648551895),Greater (0.9886600890701808),Greater (0.9999999186994387),Greater (0.9999999999868407),Greater (0.9999991931863983),Greater (0.999999439109375),Greater (0.9999879648023289),
existence-executive-property-web development,,,,,,,,,,,,,,,,,,,,,,,,,,,,,,,,,,,,,,,,,,,,,,,,,,Greater (0.9999999999990448),Greater (0.9999989549743459),Greater (0.9999999999999886),Greater (1.0),Greater (0.9999999999993785),Greater (0.9999999999999201),Greater (0.9999999999764356),
-full,,,,,,,,,,,,,,,,,,,,,,,,,,,,,,,,,,,,,,,,,,,,,,,,,,,Less (0.0),Greater (1.0),Greater (1.0),Greater (1.0),Equal (0.05368553062489227),Less (1.109722385662317e-88),
-content management,,,,,,,,,,,,,,,,,,,,,,,,,,,,,,,,,,,,,,,,,,,,,,,,,,,,Greater (1.0),Greater (1.0),Greater (1.0),Greater (1.0),Greater (1.0),
-data storage & processing,,,,,,,,,,,,,,,,,,,,,,,,,,,,,,,,,,,,,,,,,,,,,,,,,,,,,Greater (1.0),Less (2.7697074415077192e-12),Less (9.139877707458005e-127),Less (0.0),
-devops and cloud,,,,,,,,,,,,,,,,,,,,,,,,,,,,,,,,,,,,,,,,,,,,,,,,,,,,,,Less (0.0),Less (0.0),Less (0.0),
-soa and middlewares,,,,,,,,,,,,,,,,,,,,,,,,,,,,,,,,,,,,,,,,,,,,,,,,,,,,,,,Less (1.8282351629482564e-29),Less (2.0555937647735218e-148),
-software development tools,,,,,,,,,,,,,,,,,,,,,,,,,,,,,,,,,,,,,,,,,,,,,,,,,,,,,,,,Less (5.659152078567022e-65),
-web development,,,,,,,,,,,,,,,,,,,,,,,,,,,,,,,,,,,,,,,,,,,,,,,,,,,,,,,,,
