,full-existence,full-executive,full-existence-executive,full-property,full-existence-property,full-executive-property,full-existence-executive-property,full-,content management-existence,content management-executive,content management-existence-executive,content management-property,content management-existence-property,content management-executive-property,content management-existence-executive-property,content management-,data storage & processing-existence,data storage & processing-executive,data storage & processing-existence-executive,data storage & processing-property,data storage & processing-existence-property,data storage & processing-executive-property,data storage & processing-existence-executive-property,data storage & processing-,devops and cloud-existence,devops and cloud-executive,devops and cloud-existence-executive,devops and cloud-property,devops and cloud-existence-property,devops and cloud-executive-property,devops and cloud-existence-executive-property,devops and cloud-,soa and middlewares-existence,soa and middlewares-executive,soa and middlewares-existence-executive,soa and middlewares-property,soa and middlewares-existence-property,soa and middlewares-executive-property,soa and middlewares-existence-executive-property,soa and middlewares-,software development tools-existence,software development tools-executive,software development tools-existence-executive,software development tools-property,software development tools-existence-property,software development tools-executive-property,software development tools-existence-executive-property,software development tools-,web development-existence,web development-executive,web development-existence-executive,web development-property,web development-existence-property,web development-executive-property,web development-existence-executive-property,web development-,
full-existence,,Greater (1.0),Less (1.3477129573895818e-09),Less (1.3643632861357808e-15),Less (7.891590931524293e-67),Equal (0.2712324783775045),Less (1.3907706698055096e-10),Greater (1.0),Less (1.070661942409073e-142),Greater (1.0),Less (9.037536764225179e-15),Less (1.2598613869794005e-08),Less (5.405688893387025e-32),Less (1.4373079387813062e-07),Less (3.739199194803594e-06),Less (7.29454512773613e-11),Less (2.719954855141706e-52),Greater (1.0),Less (9.082844109868086e-16),Less (3.158540714545331e-45),Less (5.542487526795589e-112),Equal (0.08107335160477894),Less (8.386807162314105e-12),Greater (1.0),Greater (0.9999984960169066),Less (1.9193772961306094e-11),Less (1.2717055271909165e-07),Equal (0.4808950160138805),Equal (0.6723237291024031),Equal (0.24422475311144087),Equal (0.15447477575355742),Greater (1.0),Greater (1.0),Greater (1.0),Greater (0.9999999938355677),Greater (0.9999999999823711),Greater (0.9999999935152883),Greater (0.9999999517735031),Equal (0.05603576024794027),Greater (1.0),Greater (1.0),Greater (1.0),Greater (0.9929760379144703),Equal (0.7928603026684475),Equal (0.6406667537132985),Less (2.2326397923854787e-08),Equal (0.12214680958502819),Greater (1.0),Greater (1.0),Greater (1.0),Greater (0.9999998433975307),Greater (0.9999999999801833),Greater (0.9999292233359539),Greater (0.9999999883335872),Equal (0.43179238634106865),Greater (1.0),
full-executive,,,Less (3.372169244833073e-190),Less (6.506723108865208e-180),Less (0.0),Less (3.9422348391838264e-52),Less (2.2329922322098457e-50),Less (1.2734148864967803e-58),Less (0.0),Less (4.6198288194462954e-14),Less (7.971658438578023e-52),Less (3.5219207178964505e-53),Less (9.200918911395191e-98),Less (4.265052050196208e-35),Less (5.797601064832365e-14),Less (0.0),Less (0.0),Equal (0.09280410259378191),Less (1.1079272639118816e-72),Less (6.3798781704436e-179),Less (0.0),Less (6.230812609107395e-19),Less (5.86780944206256e-32),Less (0.0),Less (4.6799273947746304e-60),Less (0.0),Less (4.573435916713623e-123),Less (2.7586734604698933e-13),Less (3.1304446670559413e-16),Less (1.980223529710289e-09),Less (3.085194204762635e-12),Less (0.0),Greater (1.0),Greater (1.0),Equal (0.7659437275121247),Equal (0.4710045743505882),Equal (0.32117504692469445),Equal (0.18202776850236702),Equal (0.9155808356564641),Greater (1.0),Less (0.008837067611138234),Greater (1.0),Less (0.01188893186116822),Less (3.5667921031440986e-08),Less (9.164691327591196e-06),Less (2.205504589216619e-25),Less (0.001036908275475852),Greater (1.0),Greater (0.9999999998198829),Greater (1.0),Equal (0.724869968112807),Equal (0.25532499811196374),Less (0.011403406862879294),Equal (0.053711535237734025),Less (0.0017430085361728818),Greater (1.0),
full-existence-executive,,,,Less (0.0029507099127733865),Less (4.228031115562154e-25),Greater (0.9959278536902431),Less (1.012712254702557e-06),Greater (1.0),Less (9.809592421657297e-71),Greater (1.0),Less (7.688514029752538e-12),Less (0.00014841858748268797),Less (6.3358899053391096e-27),Less (7.90931402700792e-06),Less (1.7540316512118495e-06),Greater (0.9998073787071641),Less (2.0057563088109047e-10),Greater (1.0),Less (1.5669622457778893e-08),Less (6.520082292794739e-28),Less (1.085820251759123e-71),Equal (0.6009622770017383),Less (3.93826097127736e-11),Greater (1.0),Greater (1.0),Greater (0.9770159185640549),Equal (0.4857824565285358),Equal (0.19164628924635108),Equal (0.052741089155176175),Greater (0.9995115743838872),Equal (0.9756122982108059),Greater (1.0),Greater (1.0),Greater (1.0),Greater (1.0),Greater (1.0),Greater (1.0),Greater (0.9999999999999998),Greater (0.9990499558570723),Greater (1.0),Greater (1.0),Greater (1.0),Greater (0.9999942990341435),Equal (0.0685894758550597),Greater (0.9822555026679871),Less (1.9381671835814286e-08),Equal (0.15968708502772566),Greater (1.0),Greater (1.0),Greater (1.0),Greater (0.9999999999999925),Greater (1.0),Greater (0.9999999997679789),Greater (0.9999999999999997),Equal (0.8334286104278581),Greater (1.0),
full-property,,,,,Less (1.4404570467846907e-11),Greater (0.9999814091643472),Less (0.0022295995606478602),Greater (1.0),Less (2.2450171230079144e-39),Greater (1.0),Less (7.678480222028466e-07),Equal (0.09283422010002512),Less (2.424616358689224e-16),Less (0.007626070504512639),Less (0.0001786278692135642),Greater (0.9999999997764365),Less (0.0009981020943137053),Greater (1.0),Less (8.880263257309999e-05),Less (6.182814379153698e-15),Less (2.9739143727072626e-43),Equal (0.2482152588541644),Less (3.395603939228325e-07),Greater (1.0),Greater (1.0),Greater (0.9999999999854327),Greater (0.988912210654549),Greater (0.9796404480871874),Greater (0.9974391609916282),Greater (0.9999891934566006),Equal (0.3218886264068419),Greater (1.0),Greater (1.0),Greater (1.0),Greater (1.0),Greater (1.0),Greater (1.0),Greater (0.9999999999999525),Greater (0.9982429262737487),Greater (1.0),Greater (1.0),Greater (1.0),Greater (0.9999979968965927),Greater (0.9952347922941683),Greater (0.9937993022781599),Less (4.4478102408352574e-05),Equal (0.3148278782028934),Greater (1.0),Greater (1.0),Greater (1.0),Greater (0.9999999999999254),Greater (1.0),Greater (0.9999999999327502),Greater (0.9999999999999721),Equal (0.9159223983991082),Greater (1.0),
full-existence-property,,,,,,Greater (1.0),Equal (0.5871731257394177),Greater (1.0),Less (2.22004975598778e-11),Greater (1.0),Equal (0.0675716773926142),Greater (0.9844707327681349),Less (2.8391432782772306e-06),Equal (0.6137554111477098),Less (0.010026436645874277),Greater (1.0),Greater (0.9999829710699645),Greater (1.0),Equal (0.9020888915079496),Less (0.0032416652662392224),Less (3.3853265639101574e-17),Greater (0.9999796370655589),Less (0.0018545784960559437),Greater (1.0),Greater (1.0),Greater (1.0),Greater (1.0),Greater (0.9999988124910472),Greater (0.9999999982937589),Greater (0.9999999999994076),Greater (0.9992619014224222),Greater (1.0),Greater (1.0),Greater (1.0),Greater (1.0),Greater (1.0),Greater (1.0),Greater (1.0),Greater (0.9999234139366517),Greater (1.0),Greater (1.0),Greater (1.0),Greater (0.9999999999779944),Greater (0.9999996234537291),Greater (0.9999963796817924),Equal (0.06365915531015555),Equal (0.731334206098745),Greater (1.0),Greater (1.0),Greater (1.0),Greater (1.0),Greater (1.0),Greater (1.0),Greater (1.0),Equal (0.3158270440018418),Greater (1.0),
full-executive-property,,,,,,,Less (2.7741755796074845e-08),Greater (1.0),Less (7.45949306788656e-50),Greater (1.0),Less (7.043074809165337e-13),Less (3.445510117252356e-06),Less (9.582069938422003e-26),Less (1.3635617076463447e-06),Less (2.053540476519039e-06),Equal (0.41629302386317635),Less (7.738545071214499e-11),Greater (1.0),Less (2.006815949381612e-10),Less (1.1031000167364007e-24),Less (7.63044935156113e-53),Equal (0.312702883985422),Less (3.348425964957128e-11),Greater (0.9999988857759344),Greater (0.9999699193275804),Equal (0.13859622691854337),Less (0.0015067941938694013),Equal (0.8588633133583415),Equal (0.8614721204108847),Equal (0.09703613311939727),Equal (0.2864700212526873),Greater (0.9999999999984426),Greater (1.0),Greater (1.0),Greater (0.9999999997601045),Greater (0.9999999999987639),Greater (0.999999999071428),Greater (0.999999999213072),Greater (0.9877246870333352),Greater (1.0),Greater (1.0),Greater (1.0),Greater (0.9983816146159008),Equal (0.5015121308023938),Equal (0.3415206885731683),Less (2.6074835025530682e-08),Equal (0.12113828449413243),Greater (1.0),Greater (1.0),Greater (1.0),Greater (0.9999999940480229),Greater (0.9999999999992555),Greater (0.9999893717835784),Greater (0.9999999996874323),Equal (0.5080736967882),Greater (1.0),
full-existence-executive-property,,,,,,,,Greater (1.0),Less (5.703145717490544e-05),Greater (1.0),Less (0.019231179024465847),Equal (0.25711390201485707),Less (2.259110749650954e-05),Equal (0.8514882784407877),Less (0.0027504245146753176),Greater (0.9999999961439958),Equal (0.1951613439755392),Greater (1.0),Equal (0.8245223008610378),Less (0.012117329318866488),Less (6.286413156112559e-08),Greater (0.9991553423188273),Less (0.0006840013073765696),Greater (1.0),Greater (1.0),Greater (0.9999999998782317),Greater (0.9999992568239643),Greater (0.9999509256903283),Greater (0.9999982434284357),Greater (0.9999999986466905),Greater (0.9978307836684299),Greater (1.0),Greater (1.0),Greater (1.0),Greater (1.0),Greater (1.0),Greater (1.0),Greater (1.0),Greater (0.9999674711729172),Greater (1.0),Greater (1.0),Greater (1.0),Greater (0.9999999994501123),Greater (0.9999793860533693),Greater (0.9999698066464235),Less (0.007940715067581728),Equal (0.6204814994534347),Greater (1.0),Greater (1.0),Greater (1.0),Greater (1.0),Greater (1.0),Greater (0.9999999999999756),Greater (1.0),Equal (0.33257499340057317),Greater (1.0),
full-,,,,,,,,,Less (0.0),Less (0.0075505416848249945),Less (1.7280641441918656e-39),Less (4.5869872659873474e-38),Less (5.280534167985066e-76),Less (2.5413677027091447e-25),Less (4.293264185597985e-11),Less (0.0),Less (0.0),Greater (0.9999999829345909),Less (2.7380393663337243e-54),Less (1.872543931113847e-136),Less (8.417882729428185e-278),Less (5.963727992837841e-13),Less (5.327192841567466e-25),Less (0.0),Less (6.445627495194102e-33),Less (0.0),Less (1.082617096978843e-86),Less (5.856271665208079e-09),Less (1.0611573274041161e-10),Less (9.947665432926055e-06),Less (7.307262273332961e-09),Less (1.2888474875271615e-237),Greater (1.0),Greater (1.0),Equal (0.33304505221508196),Greater (0.980826907351542),Equal (0.6051644374411369),Greater (0.9773939749851004),Equal (0.7636382181517476),Greater (1.0),Equal (0.44431063447305086),Greater (1.0),Equal (0.21642796172730605),Less (3.337540754519342e-05),Less (0.0008946118003431481),Less (3.543008918233869e-19),Less (0.004068818143535368),Greater (1.0),Greater (1.0),Greater (1.0),Equal (0.18712511883908522),Greater (0.9896403561233302),Equal (0.3978407021605811),Greater (0.9950778418204379),Less (0.00791079838181387),Greater (1.0),
content management-existence,,,,,,,,,,Greater (1.0),Equal (0.35255452113437724),Greater (0.9999999990725852),Equal (0.2429498205303542),Greater (0.9996450347283443),Equal (0.2051127114567145),Greater (1.0),Greater (1.0),Greater (1.0),Greater (0.999953074872377),Greater (0.9753574544868775),Less (0.0007982331566000453),Greater (0.9999999999986015),Equal (0.2879554110416084),Greater (1.0),Greater (1.0),Greater (1.0),Greater (1.0),Greater (0.9999999999999751),Greater (1.0),Greater (1.0),Greater (0.9999999776330323),Greater (1.0),Greater (1.0),Greater (1.0),Greater (1.0),Greater (1.0),Greater (1.0),Greater (1.0),Greater (0.9999992283018779),Greater (1.0),Greater (1.0),Greater (1.0),Greater (1.0),Greater (0.9999999999998591),Greater (0.9999999999653115),Equal (0.960903068143829),Equal (0.786776444986269),Greater (1.0),Greater (1.0),Greater (1.0),Greater (1.0),Greater (1.0),Greater (1.0),Greater (1.0),Greater (0.9758125018207868),Greater (1.0),
content management-executive,,,,,,,,,,,Less (1.0789723420523119e-35),Less (1.309796775143341e-31),Less (4.77924713655631e-67),Less (1.3995457092074103e-22),Less (7.147387605489062e-11),Less (2.4471778576905932e-91),Less (1.3684257879473354e-117),Greater (0.9999998697392699),Less (1.1037961908298832e-43),Less (1.5783918297181375e-99),Less (4.52563387041537e-187),Less (1.3480004128625775e-10),Less (1.0905241012605827e-23),Less (4.2770102432456915e-21),Less (7.982273343073283e-15),Less (6.447949153146721e-114),Less (8.386075767088452e-57),Less (1.8953996143106272e-07),Less (1.3947698597361181e-08),Less (0.00020833063349388363),Less (9.96918156100076e-08),Less (9.236725334847974e-14),Greater (1.0),Greater (1.0),Equal (0.10281974410234193),Greater (0.9965817095606105),Equal (0.23917874536813077),Greater (0.9940984414621797),Equal (0.5934026209830187),Greater (1.0),Equal (0.05803229120617862),Greater (1.0),Equal (0.44321461872095913),Less (0.00023312153387097277),Less (0.0033926952508446504),Less (2.8485547494481407e-18),Less (0.004926151289252402),Greater (1.0),Greater (1.0),Greater (1.0),Equal (0.06357679348123142),Greater (0.998136782440149),Equal (0.8510372602938104),Greater (0.9988852192360499),Less (0.011106786825790665),Greater (1.0),
content management-existence-executive,,,,,,,,,,,,Greater (0.9993530596779797),Equal (0.09097847534371012),Equal (0.06215271234917684),Equal (0.08144195744321917),Greater (0.9999999999999584),Greater (0.9993421270799152),Greater (1.0),Equal (0.08583862502404997),Equal (0.8582911024975208),Less (0.007383633320887188),Greater (0.9999953054939844),Equal (0.12212334565433342),Greater (1.0),Greater (1.0),Greater (1.0),Greater (0.9999999999993922),Greater (0.9999999529562053),Greater (0.9999999996173019),Greater (0.9999999999999839),Greater (0.9999960919056292),Greater (1.0),Greater (1.0),Greater (1.0),Greater (1.0),Greater (1.0),Greater (1.0),Greater (1.0),Greater (0.999997810623344),Greater (1.0),Greater (1.0),Greater (1.0),Greater (0.9999999999997158),Greater (0.9999999754130938),Greater (0.999999881682385),Equal (0.5062655865135945),Equal (0.9970267535449082),Greater (1.0),Greater (1.0),Greater (1.0),Greater (1.0),Greater (1.0),Greater (1.0),Greater (1.0),Equal (0.08821635574650373),Greater (1.0),
content management-property,,,,,,,,,,,,,Less (1.1310072075184259e-08),Equal (0.27032244297223385),Less (0.0006596190458863061),Greater (0.999999363298718),Equal (0.9825222846476505),Greater (1.0),Equal (0.1322113458927429),Less (6.410744052108112e-05),Less (1.6233383861610774e-13),Greater (0.9838078312421101),Less (3.40253777843259e-05),Greater (0.9999999999999997),Greater (0.9999999999999998),Greater (0.9999999761188495),Greater (0.9998433717236251),Greater (0.9986644327064285),Greater (0.9998957315450886),Greater (0.9999999064220733),Greater (0.9793372421302251),Greater (1.0),Greater (1.0),Greater (1.0),Greater (1.0),Greater (1.0),Greater (1.0),Greater (0.9999999999999999),Greater (0.9997853648192522),Greater (1.0),Greater (1.0),Greater (1.0),Greater (0.9999999683033861),Greater (0.9996144172580369),Greater (0.9994403944649093),Less (0.0006918542676752571),Equal (0.43284519752431017),Greater (1.0),Greater (1.0),Greater (1.0),Greater (0.9999999999999997),Greater (1.0),Greater (0.9999999999983201),Greater (1.0),Equal (0.578060847636462),Greater (1.0),
content management-existence-property,,,,,,,,,,,,,,Greater (0.9999255758636044),Equal (0.38579200720476403),Greater (1.0),Greater (0.9999999995521529),Greater (1.0),Greater (0.9999210699489783),Greater (0.991015483920498),Equal (0.5167616826847872),Greater (0.9999999999076967),Equal (0.7490809372216338),Greater (1.0),Greater (1.0),Greater (1.0),Greater (1.0),Greater (0.9999999999996643),Greater (1.0),Greater (1.0),Greater (0.9999999978453358),Greater (1.0),Greater (1.0),Greater (1.0),Greater (1.0),Greater (1.0),Greater (1.0),Greater (1.0),Greater (0.9999998051936141),Greater (1.0),Greater (1.0),Greater (1.0),Greater (1.0),Greater (0.9999999999994188),Greater (0.9999999999367869),Equal (0.4860550647574804),Equal (0.6200661411474757),Greater (1.0),Greater (1.0),Greater (1.0),Greater (1.0),Greater (1.0),Greater (1.0),Greater (1.0),Greater (0.989033973206738),Greater (1.0),
content management-executive-property,,,,,,,,,,,,,,,Less (0.002801008804422425),Greater (0.999998809724123),Equal (0.3043075746176681),Greater (1.0),Equal (0.8191180352556637),Equal (0.05816802648840036),Less (3.4244273623928375e-06),Greater (0.9957514193446731),Less (0.0015326338589761973),Greater (0.9999999999971019),Greater (0.9999999999999724),Greater (0.9999999985203112),Greater (0.9999993266839812),Greater (0.9998346967214073),Greater (0.9999917440485376),Greater (0.9999999980657129),Greater (0.9992075134098731),Greater (1.0),Greater (1.0),Greater (1.0),Greater (1.0),Greater (1.0),Greater (0.9999999999999999),Greater (1.0),Greater (0.9999410412980635),Greater (1.0),Greater (1.0),Greater (1.0),Greater (0.9999999975440244),Greater (0.999945682553339),Greater (0.999896540260835),Less (0.012575362606626315),Equal (0.6028816673456143),Greater (1.0),Greater (1.0),Greater (1.0),Greater (0.9999999999999998),Greater (1.0),Greater (0.9999999999962196),Greater (1.0),Equal (0.35835359502185926),Greater (1.0),
content management-existence-executive-property,,,,,,,,,,,,,,,,Greater (0.9999969287342617),Greater (0.9967187218252193),Greater (0.9999999999731677),Greater (0.9882859552939379),Equal (0.08805340439927996),Equal (0.5481781947895674),Greater (0.9997094575539152),Equal (0.5407236418542873),Greater (0.9999998401548875),Greater (0.9999999962428118),Greater (0.9999999872418115),Greater (0.9999999371586508),Greater (0.9999900113235014),Greater (0.9999979531524152),Greater (0.999999996541668),Greater (0.9999983493441031),Greater (0.9999999995245431),Greater (1.0),Greater (1.0),Greater (0.9999999999654511),Greater (0.9999999999978559),Greater (0.9999999998813144),Greater (0.9999999999965538),Greater (0.999992887867902),Greater (1.0),Greater (0.9999999999493812),Greater (1.0),Greater (0.9999999906126895),Greater (0.9999952764370554),Greater (0.9999821658622551),Equal (0.2323288403370546),Equal (0.4260551202561289),Greater (1.0),Greater (0.9999999999999953),Greater (1.0),Greater (0.9999999999808151),Greater (0.9999999999981188),Greater (0.9999999965195377),Greater (0.9999999999995821),Greater (0.9908656315737406),Greater (1.0),
content management-,,,,,,,,,,,,,,,,,Less (1.4029025438325508e-46),Greater (1.0),Less (3.189072224313548e-13),Less (2.8850501058229008e-43),Less (4.747769273896498e-116),Equal (0.4254136107946531),Less (1.391871082959841e-11),Greater (1.0),Greater (1.0),Less (0.017528143234508166),Less (0.0003488282090869055),Equal (0.8913310368915143),Equal (0.5566070974362445),Greater (0.9878988155600056),Equal (0.3911207026862865),Greater (1.0),Greater (1.0),Greater (1.0),Greater (0.9999999999998165),Greater (0.9999999999999997),Greater (0.9999999999996245),Greater (0.9999999999772998),Greater (0.991782437985106),Greater (1.0),Greater (1.0),Greater (1.0),Greater (0.9995814209767536),Equal (0.3287840081420853),Equal (0.2289956904892403),Less (2.7848499959041622e-08),Equal (0.14138649116333157),Greater (1.0),Greater (1.0),Greater (1.0),Greater (0.9999999999036596),Greater (0.9999999999999996),Greater (0.9999998230694495),Greater (0.9999999999890021),Equal (0.5737239189751161),Greater (1.0),
data storage & processing-existence,,,,,,,,,,,,,,,,,,Greater (1.0),Less (0.017093340839024775),Less (1.9314337536349635e-08),Less (3.4489190708358845e-32),Greater (0.9886397699881045),Less (8.414776439262918e-05),Greater (1.0),Greater (1.0),Greater (1.0),Greater (0.9999997930792623),Greater (0.998593056775613),Greater (0.9999561077366378),Greater (0.9999998311298505),Equal (0.07382583970476768),Greater (1.0),Greater (1.0),Greater (1.0),Greater (1.0),Greater (1.0),Greater (1.0),Greater (0.9999999999999416),Greater (0.998577298571812),Greater (1.0),Greater (1.0),Greater (1.0),Greater (0.999999764399866),Greater (0.999742288488003),Greater (0.9991848949806543),Less (0.004597250364594392),Equal (0.5224109683086275),Greater (1.0),Greater (1.0),Greater (1.0),Greater (0.9999999999999839),Greater (1.0),Greater (0.9999999999984378),Greater (0.9999999999999668),Equal (0.6643965543546551),Greater (1.0),
data storage & processing-executive,,,,,,,,,,,,,,,,,,,Less (3.930666174595143e-56),Less (9.306568923225199e-130),Less (2.762901688796626e-245),Less (8.761446585543917e-15),Less (9.895267041823918e-26),Less (4.9326568367996763e-107),Less (9.584094465191453e-41),Less (0.0),Less (7.111987118746062e-97),Less (4.667136682352977e-11),Less (1.8855191663533163e-13),Less (8.738701896315126e-08),Less (7.478890517725615e-11),Less (3.8033297988500097e-87),Greater (1.0),Greater (1.0),Equal (0.9107027757423707),Equal (0.24316952815972182),Equal (0.6081851861569654),Equal (0.25856230814600234),Equal (0.9154998329769602),Greater (1.0),Equal (0.1808496787366317),Greater (1.0),Equal (0.05296701105353385),Less (3.0366479746443477e-06),Less (0.00011610319631272712),Less (1.9150655766936424e-19),Less (0.0031237979840886046),Greater (1.0),Greater (0.9999999999305128),Greater (1.0),Equal (0.6333672394261876),Equal (0.15925381689141094),Equal (0.094993935357274),Equal (0.07874149734874934),Less (0.003927798509823651),Greater (1.0),
data storage & processing-existence-executive,,,,,,,,,,,,,,,,,,,,Equal (0.054871551048535756),Less (4.1654359015981125e-08),Greater (0.9996797516543924),Less (0.003092876835377509),Greater (1.0),Greater (1.0),Greater (0.9999999999999942),Greater (0.9999999297306553),Greater (0.9999633385145693),Greater (0.9999990440909533),Greater (0.9999999979809086),Greater (0.9955461081400939),Greater (1.0),Greater (1.0),Greater (1.0),Greater (1.0),Greater (1.0),Greater (1.0),Greater (1.0),Greater (0.9998571013612634),Greater (1.0),Greater (1.0),Greater (1.0),Greater (0.9999999979757913),Greater (0.9999918523070985),Greater (0.9999705506614925),Equal (0.07762750578273453),Equal (0.7191150045428636),Greater (1.0),Greater (1.0),Greater (1.0),Greater (1.0),Greater (1.0),Greater (0.999999999999991),Greater (1.0),Equal (0.3541306181427468),Greater (1.0),
data storage & processing-property,,,,,,,,,,,,,,,,,,,,,Less (1.0971867369267909e-05),Greater (0.9999998979606605),Equal (0.07256674589558276),Greater (1.0),Greater (1.0),Greater (1.0),Greater (1.0),Greater (0.9999999981512865),Greater (0.9999999999996113),Greater (1.0),Greater (0.9999955078798746),Greater (1.0),Greater (1.0),Greater (1.0),Greater (1.0),Greater (1.0),Greater (1.0),Greater (1.0),Greater (0.9999870300257647),Greater (1.0),Greater (1.0),Greater (1.0),Greater (0.9999999999999551),Greater (0.9999999986797355),Greater (0.9999999651901659),Equal (0.3994130781033355),Equal (0.9971895043656478),Greater (1.0),Greater (1.0),Greater (1.0),Greater (1.0),Greater (1.0),Greater (1.0),Greater (1.0),Equal (0.13395176671745138),Greater (1.0),
data storage & processing-existence-property,,,,,,,,,,,,,,,,,,,,,,Greater (0.9999999999999989),Equal (0.9840010636201204),Greater (1.0),Greater (1.0),Greater (1.0),Greater (1.0),Greater (1.0),Greater (1.0),Greater (1.0),Greater (0.9999999999435476),Greater (1.0),Greater (1.0),Greater (1.0),Greater (1.0),Greater (1.0),Greater (1.0),Greater (1.0),Greater (0.999999714093043),Greater (1.0),Greater (1.0),Greater (1.0),Greater (1.0),Greater (0.9999999999999998),Greater (0.9999999999997616),Equal (0.3477801781426504),Equal (0.5617317416173212),Greater (1.0),Greater (1.0),Greater (1.0),Greater (1.0),Greater (1.0),Greater (1.0),Greater (1.0),Greater (0.9892372590163),Greater (1.0),
data storage & processing-executive-property,,,,,,,,,,,,,,,,,,,,,,,Less (1.6161469220923321e-06),Greater (0.9997922419987045),Greater (0.999426538674598),Equal (0.7216876892811626),Equal (0.33692667531871123),Equal (0.5609676131377075),Equal (0.397520498279053),Equal (0.05722165661918245),Equal (0.6702649319658908),Greater (0.99999810575844),Greater (1.0),Greater (1.0),Greater (0.999999952920318),Greater (0.9999999995334927),Greater (0.99999994346694),Greater (0.9999999359516779),Greater (0.9880410307722292),Greater (1.0),Greater (0.9999999999911333),Greater (1.0),Greater (0.9984995637439036),Equal (0.17843982724050433),Equal (0.1609476292771317),Less (0.00016142397404800984),Equal (0.23904476218526227),Greater (1.0),Greater (1.0),Greater (1.0),Greater (0.9999998332423436),Greater (0.999999999693548),Greater (0.9999726405466038),Greater (0.9999999826084593),Equal (0.7829999510658383),Greater (1.0),
data storage & processing-existence-executive-property,,,,,,,,,,,,,,,,,,,,,,,,Greater (0.9999999999999984),Greater (1.0),Greater (0.9999999999999984),Greater (0.999999999999561),Greater (0.9999999861765317),Greater (0.9999999996269494),Greater (0.9999999999999664),Greater (0.9999999285710759),Greater (1.0),Greater (1.0),Greater (1.0),Greater (1.0),Greater (1.0),Greater (1.0),Greater (1.0),Greater (0.9999990510528808),Greater (1.0),Greater (1.0),Greater (1.0),Greater (0.9999999999996101),Greater (0.9999999933697526),Greater (0.99999995538564),Equal (0.5986507407060548),Equal (0.5526868837059242),Greater (1.0),Greater (1.0),Greater (1.0),Greater (1.0),Greater (1.0),Greater (0.9999999999999992),Greater (1.0),Greater (0.9879395895453952),Greater (1.0),
data storage & processing-,,,,,,,,,,,,,,,,,,,,,,,,,Equal (0.45748284798633565),Less (5.392836006720757e-119),Less (1.5905145146546119e-24),Less (0.008569160427031175),Less (0.008111880677134226),Equal (0.5049043474598676),Less (0.002355555130185874),Greater (1.0),Greater (1.0),Greater (1.0),Greater (0.9999709494474232),Greater (0.9999997357248636),Greater (0.9999466147207992),Greater (0.9999825671588232),Equal (0.18291971675732788),Greater (1.0),Greater (0.9999999999999994),Greater (1.0),Equal (0.2446310182194038),Equal (0.25220895804043353),Equal (0.4741357334781495),Less (3.077670791716902e-11),Equal (0.057322802088611534),Greater (1.0),Greater (1.0),Greater (1.0),Greater (0.9999153572892843),Greater (0.9999998056580466),Greater (0.9842657648851328),Greater (0.9999969585485682),Equal (0.17870561440903288),Greater (1.0),
devops and cloud-existence,,,,,,,,,,,,,,,,,,,,,,,,,,Less (6.381221424470723e-28),Less (3.9705730263658817e-20),Less (0.011910440535064258),Less (0.012730365547502034),Equal (0.5059605845796494),Less (0.0012271840489622432),Greater (0.9997589408364013),Greater (1.0),Greater (1.0),Greater (0.9999994649252986),Greater (0.9999999837732574),Greater (0.9999945097645613),Greater (0.9999999099057414),Equal (0.07978404783690204),Greater (1.0),Greater (0.9999999999999917),Greater (1.0),Equal (0.12842139182974402),Equal (0.21230874665960375),Equal (0.5583650277545257),Less (5.529051161794876e-14),Less (0.017197474830123446),Greater (1.0),Greater (1.0),Greater (1.0),Greater (0.9999972036826669),Greater (0.9999999958663301),Greater (0.9958733598500575),Greater (0.999999965400251),Equal (0.1754112533888541),Greater (1.0),
devops and cloud-executive,,,,,,,,,,,,,,,,,,,,,,,,,,,Equal (0.05778991773052267),Equal (0.44977625570369817),Equal (0.1455172577690787),Greater (0.9985130753145363),Equal (0.7644645465635849),Greater (1.0),Greater (1.0),Greater (1.0),Greater (1.0),Greater (1.0),Greater (1.0),Greater (1.0),Greater (0.9990176460339651),Greater (1.0),Greater (1.0),Greater (1.0),Greater (0.9999896124080472),Equal (0.25704276961599093),Equal (0.10803816111148205),Less (1.8292324560237224e-12),Equal (0.08490832854862693),Greater (1.0),Greater (1.0),Greater (1.0),Greater (0.999999999999998),Greater (1.0),Greater (0.9999999983619183),Greater (1.0),Equal (0.6488039587728462),Greater (1.0),
devops and cloud-existence-executive,,,,,,,,,,,,,,,,,,,,,,,,,,,,Equal (0.0750278167687764),Greater (0.9937602290003807),Greater (0.9999093766233214),Equal (0.7760092483615777),Greater (1.0),Greater (1.0),Greater (1.0),Greater (1.0),Greater (1.0),Greater (1.0),Greater (1.0),Greater (0.9998908114303042),Greater (1.0),Greater (1.0),Greater (1.0),Greater (0.9999997866371333),Greater (0.9774237113036662),Greater (0.993770759025379),Less (1.579189059022788e-10),Equal (0.11863727482232525),Greater (1.0),Greater (1.0),Greater (1.0),Greater (1.0),Greater (1.0),Greater (0.9999999999957806),Greater (1.0),Equal (0.9207006752964029),Greater (1.0),
devops and cloud-property,,,,,,,,,,,,,,,,,,,,,,,,,,,,,Equal (0.8044689847823899),Equal (0.18248693548866202),Equal (0.3412232430666752),Greater (0.9996522836838873),Greater (1.0),Greater (1.0),Greater (0.9999997976402193),Greater (0.9999999889833205),Greater (0.9999985132191004),Greater (0.999999976139603),Greater (0.9902298912933336),Greater (1.0),Greater (0.9999999804948179),Greater (1.0),Greater (0.9954324007340187),Equal (0.5462347722238001),Equal (0.37582929605683313),Less (1.808980739966456e-06),Equal (0.13611416553050334),Greater (1.0),Greater (1.0),Greater (1.0),Greater (0.9999996584665329),Greater (0.9999999966299506),Greater (0.9998139952132367),Greater (0.9999999932656413),Equal (0.5756696474515319),Greater (1.0),
devops and cloud-existence-property,,,,,,,,,,,,,,,,,,,,,,,,,,,,,,Equal (0.25604814218649696),Equal (0.19910262512003485),Greater (0.9998419035686672),Greater (1.0),Greater (1.0),Greater (0.9999999387395402),Greater (0.9999999965926509),Greater (0.9999993378871076),Greater (0.9999999945551238),Greater (0.9903590253376642),Greater (1.0),Greater (0.9999999989332088),Greater (1.0),Greater (0.9950901015670862),Equal (0.7206585357014985),Equal (0.44925183511862166),Less (6.314151403109915e-08),Equal (0.11138327686282923),Greater (1.0),Greater (1.0),Greater (1.0),Greater (0.9999998544928193),Greater (0.999999999229637),Greater (0.9998143334258323),Greater (0.9999999971979289),Equal (0.510148198284463),Greater (1.0),
devops and cloud-executive-property,,,,,,,,,,,,,,,,,,,,,,,,,,,,,,,Less (0.01528094424027774),Equal (0.0796222473298335),Greater (1.0),Greater (1.0),Greater (0.9999850314039084),Greater (0.9999980820798555),Greater (0.9998097800035006),Greater (0.9999998998913275),Equal (0.06023181498045867),Greater (1.0),Greater (0.9999885348001942),Greater (1.0),Equal (0.08943878043112326),Equal (0.44577801247863436),Equal (0.8275599919405101),Less (7.745874329693555e-12),Less (0.01986063105626543),Greater (1.0),Greater (0.9999999999999915),Greater (1.0),Greater (0.9999891930356355),Greater (0.9999995917917169),Greater (0.9882922064116952),Greater (0.9999999629213682),Equal (0.2111742908573222),Greater (1.0),
devops and cloud-existence-executive-property,,,,,,,,,,,,,,,,,,,,,,,,,,,,,,,,Greater (0.9999472579467883),Greater (1.0),Greater (1.0),Greater (0.9999999975544788),Greater (0.9999999980526476),Greater (0.9999998430841084),Greater (0.9999999999973458),Greater (0.999391839003084),Greater (1.0),Greater (0.9999999910423344),Greater (1.0),Greater (0.9996975818443679),Equal (0.2537443694040097),Equal (0.10097817214755753),Less (1.3030394121339836e-06),Equal (0.1343655372376541),Greater (1.0),Greater (1.0),Greater (1.0),Greater (0.9999999976651336),Greater (0.9999999998337472),Greater (0.9999616686297474),Greater (0.9999999999973069),Equal (0.8777470527365301),Greater (1.0),
devops and cloud-,,,,,,,,,,,,,,,,,,,,,,,,,,,,,,,,,Greater (1.0),Greater (1.0),Greater (0.9999570710103574),Greater (0.9999986513142134),Greater (0.9996824759498492),Greater (0.9999953040164743),Equal (0.18063560492778952),Greater (1.0),Greater (0.9999999999961086),Greater (1.0),Equal (0.46394605319280824),Less (0.01588120892370097),Equal (0.16522004491907272),Less (1.3709794894298072e-16),Less (0.01057765117123702),Greater (1.0),Greater (1.0),Greater (1.0),Greater (0.9999010345430767),Greater (0.9999995784539912),Equal (0.09011297678364874),Greater (0.9999986538275193),Equal (0.08970412482663415),Greater (1.0),
soa and middlewares-existence,,,,,,,,,,,,,,,,,,,,,,,,,,,,,,,,,,Greater (1.0),Less (1.596002039544389e-06),Less (0.00036371234310591014),Less (4.3804253692640504e-08),Less (0.012637613383788476),Equal (0.09359966503582356),Greater (0.9999999999975233),Less (4.9106454051242975e-22),Greater (0.9999999999914808),Less (5.3566406910130346e-08),Less (3.33286623077673e-17),Less (9.106530097607412e-13),Less (6.636793574235977e-33),Less (7.691242452624059e-05),Equal (0.4354173622747748),Less (1.1011417304872747e-05),Greater (1.0),Less (0.0005058698321634664),Less (0.002016431051822104),Less (5.760254178055565e-10),Equal (0.21710640541419957),Less (1.7551225396743616e-05),Greater (0.9999989638283161),
soa and middlewares-executive,,,,,,,,,,,,,,,,,,,,,,,,,,,,,,,,,,,Less (7.145800735698138e-36),Less (1.5948492026465595e-28),Less (5.03560495306687e-43),Less (2.281432337368227e-15),Less (8.901035982713447e-06),Less (4.608649542472073e-103),Less (6.17968301923496e-156),Less (7.531812512396539e-52),Less (2.916873795269763e-28),Less (9.956638965461678e-49),Less (4.256813829216795e-36),Less (2.0839013350715167e-58),Less (8.561153353290327e-08),Less (1.7812271214553752e-233),Less (8.410593818005807e-117),Less (1.7049359760428766e-07),Less (7.689804115593693e-22),Less (4.091494713928466e-24),Less (4.512166733590015e-42),Less (6.80500192209685e-11),Less (1.2931180148489613e-10),Less (1.384278447612257e-144),
soa and middlewares-existence-executive,,,,,,,,,,,,,,,,,,,,,,,,,,,,,,,,,,,,Equal (0.3711793433411139),Equal (0.7145381914601678),Equal (0.29423356972655856),Equal (0.9622524350291982),Greater (0.9999999999999888),Equal (0.5566754569064817),Greater (0.9999999999999979),Equal (0.08488674804089977),Less (7.139465582684971e-05),Less (0.000809559508315574),Less (7.556830105702561e-17),Less (0.002185010471386594),Greater (0.9999986226607234),Greater (0.9961659579901734),Greater (1.0),Equal (0.6686761481435977),Equal (0.26184614401253725),Equal (0.21880665325650073),Equal (0.09802401616677993),Less (0.003044603469024247),Greater (0.999999999998809),
soa and middlewares-property,,,,,,,,,,,,,,,,,,,,,,,,,,,,,,,,,,,,,Equal (0.22418358537488292),Equal (0.7138970894848051),Equal (0.6634225736569059),Greater (0.999999999545163),Equal (0.11119489236035981),Greater (0.9999999998995212),Less (0.012159154470862391),Less (5.185850192222407e-06),Less (6.908359009404339e-05),Less (1.708777104302624e-18),Less (0.0009439109788632382),Greater (0.9995972429649382),Equal (0.18508894626227357),Greater (1.0),Equal (0.7211234899577477),Equal (0.8121284779872213),Less (0.016403893055072723),Equal (0.27482329679194384),Less (0.001437689987532356),Greater (0.9999999736454112),
soa and middlewares-existence-property,,,,,,,,,,,,,,,,,,,,,,,,,,,,,,,,,,,,,,Equal (0.16079247941663977),Equal (0.8949342939795819),Greater (1.0),Equal (0.8822728108909473),Greater (1.0),Equal (0.18954122055941136),Less (0.00022302754557424436),Less (0.001712277142958688),Less (6.43966197989706e-16),Less (0.0031014132923149968),Greater (0.9999999846924447),Greater (0.9993326396670841),Greater (1.0),Equal (0.44584918475723967),Equal (0.1427990901297299),Equal (0.3375892151865252),Greater (0.9775522481846708),Less (0.0060482340301958384),Greater (0.9999999999999988),
soa and middlewares-executive-property,,,,,,,,,,,,,,,,,,,,,,,,,,,,,,,,,,,,,,,Equal (0.5854001053426454),Greater (0.9999912222757198),Equal (0.08753005271002438),Greater (0.9999979828784759),Less (0.004059178733912784),Less (6.460865317253664e-06),Less (0.00015139207786978262),Less (1.236694041258522e-16),Less (0.0005164890447211574),Greater (0.9831495778222827),Equal (0.4341283413345839),Greater (0.9999999999999789),Equal (0.5318178956472381),Equal (0.8879393423294143),Less (0.021221900102619748),Equal (0.5852515183212444),Less (0.0004991376070300808),Greater (0.9999374033127432),
soa and middlewares-existence-executive-property,,,,,,,,,,,,,,,,,,,,,,,,,,,,,,,,,,,,,,,,Greater (0.9953757045426072),Equal (0.8330794057697591),Greater (0.9967773136725396),Equal (0.35559135542190945),Equal (0.069681170774356),Equal (0.12650947896330325),Less (8.08792166346191e-06),Less (0.009157337530582722),Equal (0.10639726830518345),Equal (0.3222445377295957),Greater (0.9999811443927015),Equal (0.8423498745596183),Equal (0.5974238489694199),Equal (0.597543446219952),Equal (0.361030427851205),Less (0.01886234699806741),Greater (0.9915563746384324),
soa and middlewares-,,,,,,,,,,,,,,,,,,,,,,,,,,,,,,,,,,,,,,,,,Less (2.2960880665766865e-75),Equal (0.13534237587126643),Less (3.547485226086013e-14),Less (7.76113806177989e-28),Less (2.5549334453528934e-20),Less (8.03754619214289e-43),Less (8.072533539655078e-06),Less (2.238091729918906e-147),Less (1.7273897229632554e-37),Greater (1.0),Less (1.1786549873218041e-08),Less (2.2524960973799976e-08),Less (1.5047490726501488e-19),Less (0.0011379916565324502),Less (3.165530839229946e-07),Less (1.6870219772661628e-16),
software development tools-existence,,,,,,,,,,,,,,,,,,,,,,,,,,,,,,,,,,,,,,,,,,Greater (1.0),Equal (0.1764389762759616),Less (3.4511171899363534e-05),Less (0.000809935716543989),Less (2.0081498188400302e-18),Less (0.0036761466624182426),Greater (1.0),Greater (0.9999999968711626),Greater (1.0),Equal (0.31165895023143164),Equal (0.058830884338558175),Equal (0.2770419072767145),Greater (0.9884103049296336),Less (0.007300988033377689),Greater (1.0),
software development tools-executive,,,,,,,,,,,,,,,,,,,,,,,,,,,,,,,,,,,,,,,,,,,Less (6.150048476363585e-15),Less (3.9727475450911445e-28),Less (9.011543350783582e-21),Less (1.8804117797802136e-42),Less (5.956824139060025e-06),Less (3.357627807673711e-39),Less (2.0163573606660634e-32),Greater (1.0),Less (2.842196059851085e-09),Less (5.7228621489270195e-09),Less (4.714528908299771e-20),Less (0.0004400281210252069),Less (1.8388044407909133e-07),Less (5.600824259792637e-08),
software development tools-existence-executive,,,,,,,,,,,,,,,,,,,,,,,,,,,,,,,,,,,,,,,,,,,,Equal (0.05933498510165606),Equal (0.15932296930611134),Less (5.999101088988221e-11),Less (0.008467446406271444),Greater (0.9999999786547815),Greater (0.9999448749629077),Greater (1.0),Greater (0.9752400431128593),Greater (0.9939001255198835),Equal (0.6287282275254378),Greater (0.9989583517750157),Equal (0.06264123041617943),Greater (0.9999999999996354),
software development tools-property,,,,,,,,,,,,,,,,,,,,,,,,,,,,,,,,,,,,,,,,,,,,,Equal (0.8235365565667929),Less (6.400075820337349e-07),Equal (0.09560246115938796),Greater (1.0),Greater (0.9999999999913175),Greater (1.0),Greater (0.999941218713636),Greater (0.9999977650432743),Greater (0.9927857383931027),Greater (0.9999987205489895),Equal (0.414528247755923),Greater (1.0),
software development tools-existence-property,,,,,,,,,,,,,,,,,,,,,,,,,,,,,,,,,,,,,,,,,,,,,,Less (1.7612621920243675e-06),Equal (0.10756842968478465),Greater (0.9999999999996001),Greater (0.9999999925657467),Greater (1.0),Greater (0.9994532026241719),Greater (0.9999604660249682),Greater (0.9793490873541603),Greater (0.9999681207415678),Equal (0.36269565196675824),Greater (1.0),
software development tools-executive-property,,,,,,,,,,,,,,,,,,,,,,,,,,,,,,,,,,,,,,,,,,,,,,,Equal (0.8137157884072457),Greater (1.0),Greater (1.0),Greater (1.0),Greater (0.9999999999999996),Greater (1.0),Greater (0.9999999999972115),Greater (0.9999999999999999),Equal (0.06249596355288496),Greater (1.0),
software development tools-existence-executive-property,,,,,,,,,,,,,,,,,,,,,,,,,,,,,,,,,,,,,,,,,,,,,,,,Greater (0.9999181595578888),Greater (0.9996579928746978),Greater (0.9999998049271217),Greater (0.9987480317931944),Greater (0.9991330518588047),Greater (0.9927362791225061),Greater (0.9997473421730557),Equal (0.38112892551369115),Greater (0.9999896669038736),
software development tools-,,,,,,,,,,,,,,,,,,,,,,,,,,,,,,,,,,,,,,,,,,,,,,,,,Less (2.8368915869248325e-07),Greater (1.0),Less (0.0006156793021190553),Less (0.002326877396351152),Less (2.6307589294338043e-10),Equal (0.2417101531791752),Less (1.5179759628644673e-05),Greater (1.0),
web development-existence,,,,,,,,,,,,,,,,,,,,,,,,,,,,,,,,,,,,,,,,,,,,,,,,,,Greater (1.0),Equal (0.09701123806161327),Equal (0.30515519115841916),Less (1.991073091416497e-05),Equal (0.8763385504510763),Less (0.0001631787715310446),Greater (1.0),
web development-executive,,,,,,,,,,,,,,,,,,,,,,,,,,,,,,,,,,,,,,,,,,,,,,,,,,,Less (1.0390079422364842e-19),Less (1.0670738735865058e-20),Less (1.5222058179692024e-37),Less (1.0835970991382922e-09),Less (1.5720590153303565e-10),Less (2.3166732284961265e-106),
web development-existence-executive,,,,,,,,,,,,,,,,,,,,,,,,,,,,,,,,,,,,,,,,,,,,,,,,,,,,Equal (0.5690540290223968),Equal (0.1318312788535635),Equal (0.2276905249183595),Less (0.001796955205730739),Greater (0.9999998104167093),
web development-property,,,,,,,,,,,,,,,,,,,,,,,,,,,,,,,,,,,,,,,,,,,,,,,,,,,,,Less (0.011792817648654518),Equal (0.41955957166967983),Less (0.0009149478684944474),Greater (0.9999994369760146),
web development-existence-property,,,,,,,,,,,,,,,,,,,,,,,,,,,,,,,,,,,,,,,,,,,,,,,,,,,,,,Greater (0.996040383122815),Less (0.01642533166917101),Greater (1.0),
web development-executive-property,,,,,,,,,,,,,,,,,,,,,,,,,,,,,,,,,,,,,,,,,,,,,,,,,,,,,,,Less (0.0001900479477415753),Greater (0.9956112982992975),
web development-existence-executive-property,,,,,,,,,,,,,,,,,,,,,,,,,,,,,,,,,,,,,,,,,,,,,,,,,,,,,,,,Greater (0.999999555019656),
web development-,,,,,,,,,,,,,,,,,,,,,,,,,,,,,,,,,,,,,,,,,,,,,,,,,,,,,,,,,
