resolution,fixed,won't fix,not a problem,duplicate,invalid,later,resolved,abandoned,cannot reproduce,implemented,done,pending closed,not a bug,information provided,workaround,incomplete,delivered,won't do,works for me,auto closed,obsolete,can't do,duplicate ticket,feedback received,complete,works as designed,remind,rejected,out of date,duplicate issue,deferred,incomplete description,partially completed,explained,timed out,handled by support,incorrectly filed,answered,tracked elsewhere,spam,deployed,support request,resolved locally,unsolved mysteries,low engagement,staged,migrated to another its,unresolved,mirrororphan,resolved at apache,upstream,stop dots,will not implement,test pending,current release,next release,roadmap candidate,declined,canceled,sent to docs,bugzillaorphan,errata,parked,automatically closed,out of scope,sent to forums,known error,deprioritized,done-errata,gone away,community answered,Total
Apache-TOMEE,2661,16,50,31,63,1,45,32,7,6,83,3,4,4,2,4,3,1,2,37,0,0,0,0,0,0,0,0,0,0,0,0,0,0,0,0,0,0,0,0,0,0,0,0,0,0,0,0,0,0,0,0,0,0,0,0,0,0,0,0,0,0,0,0,0,0,0,0,0,0,0,3055
RedHat-ACM,20,0,0,41,0,0,0,0,14,0,719,0,41,0,0,0,0,66,0,0,4,1,2,0,0,0,0,0,0,0,0,0,0,0,0,0,0,0,0,0,0,0,0,0,0,0,0,0,0,0,0,0,0,0,0,0,0,0,0,0,0,0,0,0,0,0,0,0,0,0,0,908
Apache-SM,4222,328,19,78,11,0,0,1,19,0,0,1,1,2,0,2,0,0,0,0,0,0,0,0,0,0,0,0,0,0,0,0,0,0,0,0,0,0,0,0,0,0,0,0,0,0,0,0,0,0,0,0,0,0,0,0,0,0,0,0,0,0,0,0,0,0,0,0,0,0,0,4684
Apache-CASSANDRA,10767,801,927,1591,581,160,10,21,523,17,25,0,35,44,2,40,0,11,1,84,0,0,0,3,0,0,0,0,0,0,0,0,0,0,0,0,0,0,0,0,0,0,0,0,0,0,0,0,0,0,0,0,0,0,0,0,0,0,0,0,0,0,0,0,0,0,0,0,0,0,0,15643
Spring-BATCH,1100,172,0,97,89,0,0,0,29,0,5,0,0,0,0,3,0,43,0,0,0,0,0,0,644,57,0,0,0,0,0,0,0,0,0,0,0,0,0,0,0,0,0,0,0,0,0,0,0,0,0,0,0,0,0,0,0,0,0,0,0,0,0,0,0,0,0,0,0,0,0,2239
RedHat-TRACING,0,0,0,8,0,0,0,0,1,0,613,0,1,0,0,0,0,382,0,0,23,0,3,0,0,0,0,0,0,0,0,0,0,0,0,0,0,0,0,0,0,0,0,0,0,0,0,0,0,0,0,0,0,0,0,0,0,0,0,0,0,0,0,0,0,0,0,0,0,0,0,1031
Apache-AURORA,1202,147,16,92,19,22,8,0,36,15,4,0,1,0,1,10,0,3,1,0,0,0,0,0,0,0,1,0,0,0,0,0,0,0,0,0,0,0,0,0,0,0,0,0,0,0,0,0,0,0,0,0,0,0,0,0,0,0,0,0,0,0,0,0,0,0,0,0,0,0,0,1578
RedHat-JBWS,0,144,0,1,0,0,0,0,77,0,2929,0,0,0,0,0,0,13,0,0,24,0,1,0,0,0,0,121,425,122,29,10,7,3,0,0,0,0,0,0,0,0,0,0,0,0,0,0,0,0,0,0,0,0,0,0,0,0,0,0,0,0,0,0,0,0,0,0,0,0,0,3906
Apache-AMBARI,21967,158,104,553,263,12,26,15,85,53,61,57,20,11,4,9,1,20,3,2,0,0,0,4,0,0,0,0,0,0,0,0,0,0,0,0,0,0,0,0,0,0,0,0,0,0,0,0,0,0,0,0,0,0,0,0,0,0,0,0,0,0,0,0,0,0,0,0,0,0,0,23428
Jira-JRACLOUD,4376,8571,0,2044,425,0,0,0,382,0,154,0,314,0,0,59,0,2321,0,0,1505,0,0,0,0,0,0,0,0,0,0,0,0,0,1718,294,15,821,255,5,30,479,42,2,30,0,0,0,0,0,0,0,0,0,0,0,0,0,0,0,0,0,0,0,0,0,0,0,0,0,0,23842
Apache-BEAM,7924,530,168,504,113,43,43,88,136,179,352,1,40,14,14,9,10,51,5,0,0,0,0,1,0,0,0,0,0,0,0,0,0,0,0,0,0,0,0,0,0,0,0,0,0,0,0,0,0,0,0,0,0,0,0,0,0,0,0,0,0,0,0,0,0,0,0,0,0,0,0,10225
Apache-TEZ,2752,97,45,243,108,4,1,1,29,20,33,0,4,1,0,4,0,2,0,0,0,0,0,0,0,0,0,0,0,0,0,0,0,0,0,0,0,0,0,0,0,0,0,0,0,0,0,0,0,0,0,0,0,0,0,0,0,0,0,0,0,0,0,0,0,0,0,0,0,0,0,3344
RedHat-CRW,4,30,0,37,0,0,0,0,69,0,2162,0,53,0,0,0,0,144,0,0,75,3,1,0,0,0,0,10,28,49,0,2,12,33,0,0,0,0,0,0,0,0,0,0,0,0,0,0,0,0,0,0,0,0,0,0,0,0,0,0,0,0,0,0,0,0,0,0,0,0,0,2712
Apache-MNG,3171,613,339,599,87,2,0,7,264,8,52,0,11,20,1,625,0,14,2,49,0,0,0,0,0,0,1,0,0,0,0,0,0,0,0,0,0,0,0,0,0,0,0,0,0,0,0,0,0,0,0,0,0,0,0,0,0,0,0,0,0,0,0,0,0,0,0,0,0,0,0,5865
Apache-ZEPPELIN,2984,55,78,181,82,9,25,13,29,4,33,3,21,2,9,4,1,3,1,2,0,0,0,2,0,0,0,0,0,0,0,0,0,0,0,0,0,0,0,0,0,0,0,0,0,0,0,0,0,0,0,0,0,0,0,0,0,0,0,0,0,0,0,0,0,0,0,0,0,0,0,3541
Apache-KYLIN,3445,243,168,225,116,6,75,9,70,25,63,1,26,2,16,62,0,8,0,0,0,0,0,2,0,0,0,0,0,0,0,0,0,0,0,0,0,0,0,0,0,0,0,0,0,0,0,0,0,0,0,0,0,0,0,0,0,0,0,0,0,0,0,0,0,0,0,0,0,0,0,4562
Apache-SMX4,1603,74,32,30,9,0,0,2,7,0,0,0,0,0,0,1,0,0,0,0,0,0,0,0,0,0,0,0,0,0,0,0,0,0,0,0,0,0,0,0,0,0,0,0,0,0,0,0,0,0,0,0,0,0,0,0,0,0,0,0,0,0,0,0,0,0,0,0,0,0,0,1758
Apache-DELTASPIKE,1115,115,59,33,15,24,3,2,16,0,1,0,1,0,0,3,0,0,0,0,0,0,0,0,0,0,0,0,0,0,0,0,0,0,0,0,0,0,0,0,0,0,0,0,0,0,0,0,0,0,0,0,0,0,0,0,0,0,0,0,0,0,0,0,0,0,0,0,0,0,0,1387
Spring-ROO,690,204,0,190,128,0,0,0,110,0,3,0,0,0,0,8,0,0,0,0,0,0,0,0,1921,120,0,0,0,0,78,0,0,0,0,0,0,0,0,0,0,0,0,0,0,0,0,0,0,0,0,0,0,0,0,0,0,0,0,0,0,0,0,0,0,0,0,0,0,0,0,3452
RedHat-TEIIDDES,0,102,0,0,0,0,0,0,119,0,2096,0,0,0,0,0,0,393,0,0,4,0,0,0,0,0,0,119,172,83,1,3,4,3,0,0,0,0,0,0,0,0,0,0,0,0,0,0,0,0,0,0,0,0,0,0,0,0,0,0,0,0,0,0,0,0,0,0,0,0,0,3099
Apache-AVRO,2364,72,59,156,39,4,3,4,23,4,5,0,18,7,1,3,0,4,0,0,0,0,0,0,0,0,0,0,0,0,0,0,0,0,0,0,0,0,0,0,0,0,0,0,0,0,0,0,0,0,0,0,0,0,0,0,0,0,0,0,0,0,0,0,0,0,0,0,0,0,0,2766
Apache-SOLR,8692,978,399,849,589,14,211,33,243,180,90,1,43,61,23,64,2,35,3,1,0,0,0,2,0,0,0,0,0,0,0,0,0,0,0,0,0,0,0,0,0,0,0,0,0,1,0,0,0,0,0,0,0,0,0,0,0,0,0,0,0,0,0,0,0,0,0,0,0,0,0,12514
Apache-PARQUET,1449,47,43,63,15,1,9,3,6,2,12,0,6,1,2,1,3,3,0,0,0,0,0,0,0,0,0,0,0,0,0,0,0,0,0,0,0,0,0,0,0,0,0,0,0,0,0,0,0,0,0,0,0,0,0,0,0,0,0,0,0,0,0,0,0,0,0,0,0,0,0,1666
Apache-CAY,1979,174,20,78,8,1,2,0,45,2,15,0,6,1,1,7,0,2,0,0,0,0,0,0,0,0,0,0,0,0,0,0,0,0,0,0,0,0,0,0,0,0,0,0,0,0,0,0,0,0,0,0,0,0,0,0,0,0,0,0,0,0,0,0,0,0,0,0,0,0,0,2341
Apache-FLUME,1678,427,78,192,35,1,3,15,23,14,5,0,4,2,0,6,0,1,0,0,0,0,0,0,0,0,0,0,0,0,0,0,0,0,0,0,0,0,0,0,0,0,0,0,0,0,0,0,0,0,0,0,0,0,0,0,0,0,0,0,0,0,0,0,0,0,0,0,0,0,0,2484
Apache-CONNECTORS,1403,75,69,21,14,0,0,1,27,2,2,0,2,0,1,5,0,0,0,0,0,0,0,0,0,0,0,0,0,0,0,0,0,0,0,0,0,0,0,0,0,0,0,0,0,0,0,0,0,0,0,0,0,0,0,0,0,0,0,0,0,0,0,0,0,0,0,0,0,0,0,1622
RedHat-UNDERTOW,0,14,0,9,0,0,0,0,25,0,1471,0,3,0,0,0,0,19,0,0,3,2,1,0,0,0,0,130,50,32,0,3,3,4,0,0,0,0,0,0,0,0,0,0,0,0,0,0,0,0,0,0,0,0,0,0,0,0,0,0,0,0,0,0,0,0,0,0,0,0,0,1769
Jira-JSDCLOUD,1453,1555,0,635,89,0,0,0,57,0,100,0,71,0,0,4,0,20,0,0,71,0,0,0,0,0,0,0,0,0,0,0,0,0,423,124,18,132,53,20,2,58,4,0,34,0,0,0,0,0,0,0,0,0,0,0,0,0,0,0,0,0,0,0,0,0,0,0,0,0,0,4923
Jira-JSDSERVER,1480,64,0,704,61,0,0,0,55,0,56,0,92,0,0,3,0,5,0,0,65,0,0,0,0,0,0,0,0,0,0,0,0,0,17,150,4,142,42,1,0,42,6,0,1808,0,0,0,0,0,0,0,0,0,0,0,0,0,0,0,0,0,0,0,0,0,0,0,0,0,0,4797
Jira-SRCTREE,1238,144,0,646,47,0,0,0,71,0,10,0,96,0,0,20,0,8,0,0,54,0,0,0,0,0,0,0,0,0,0,0,0,0,11,2,6,113,28,76,0,2,57,43,0,0,0,0,0,0,0,0,0,0,0,0,0,0,0,0,0,0,0,0,0,0,0,0,0,0,0,2672
Apache-PIG,3631,190,72,283,109,0,1,0,30,3,2,3,2,0,0,3,0,0,0,0,0,0,0,0,0,0,0,0,0,0,0,0,0,0,0,0,0,0,0,0,0,0,0,0,0,0,0,0,0,0,0,0,0,0,0,0,0,0,0,0,0,0,0,0,0,0,0,0,0,0,0,4329
Apache-HOP,2172,36,52,55,6,4,3,47,22,11,397,0,11,3,0,2,0,5,0,0,0,0,0,1,0,0,0,0,0,0,0,0,0,0,0,0,0,0,0,0,0,0,0,0,0,0,0,0,0,0,0,0,0,0,0,0,0,0,0,0,0,0,0,0,0,0,0,0,0,0,0,2827
RedHat-ERRAI,0,48,0,0,0,0,0,0,11,0,793,0,0,0,0,0,0,4,0,0,0,0,0,0,0,0,0,30,33,25,0,2,13,0,0,0,0,0,0,0,0,0,0,0,0,0,3,0,0,0,0,0,0,0,0,0,0,0,0,0,0,0,0,0,0,0,0,0,0,0,0,962
RedHat-OADP,0,0,0,20,0,0,0,0,4,0,453,0,13,0,0,0,0,24,0,0,35,3,2,0,0,0,0,0,0,0,0,0,0,0,0,0,0,0,0,0,0,0,0,0,0,0,0,0,0,0,0,0,0,0,0,0,0,0,0,0,0,0,0,0,0,0,0,0,0,0,0,554
Apache-WICKET,5005,611,240,298,366,56,0,2,197,21,8,0,10,1,0,55,0,4,0,1,0,0,0,0,0,0,0,0,0,0,0,0,0,0,0,0,0,0,0,0,0,0,0,0,0,0,0,0,0,0,0,0,0,0,0,0,0,0,0,0,0,0,0,0,0,0,0,0,0,0,0,6875
Apache-ORC,1078,5,11,18,11,0,4,0,3,0,4,0,0,1,0,1,0,2,0,0,0,0,0,0,0,0,0,0,0,0,0,0,0,0,0,0,0,0,0,0,0,0,0,0,0,0,0,0,0,0,0,0,0,0,0,0,0,0,0,0,0,0,0,0,0,0,0,0,0,0,0,1138
Apache-STRATOS,1208,17,13,18,35,4,0,1,17,46,16,4,0,0,0,0,0,0,0,0,0,0,0,0,0,0,0,0,0,0,0,0,0,0,0,0,0,0,0,0,0,0,0,0,0,0,0,0,0,0,0,0,0,0,0,0,0,0,0,0,0,0,0,0,0,0,0,0,0,0,0,1379
RedHat-ODC,0,0,0,9,0,0,0,0,0,0,1415,0,1,0,0,0,0,12,0,0,392,0,0,0,0,0,0,0,0,0,0,0,0,0,0,0,0,0,0,0,0,0,0,0,0,0,0,0,0,0,0,0,0,0,0,0,0,0,0,0,0,0,0,0,0,0,0,0,0,0,0,1829
JiraEcosystem-PL,1670,288,0,401,55,0,0,0,114,0,1,0,30,0,0,2,0,0,0,0,251,0,0,0,0,0,0,0,0,0,0,0,0,0,0,5,0,29,0,0,0,0,2,0,0,0,0,41,0,0,0,0,0,0,0,0,0,0,0,0,0,0,0,0,0,0,0,0,0,0,0,2889
Apache-TAVERNA,15,3,0,0,0,0,0,0,0,0,170,0,0,0,0,1,0,0,0,0,0,0,0,0,0,0,0,0,0,0,0,0,0,0,0,0,0,0,0,0,0,0,0,0,0,0,0,0,0,0,0,0,0,0,0,0,0,0,0,0,0,0,0,0,0,0,0,0,0,0,0,189
Apache-IGNITE,11100,1184,112,826,138,5,88,2,222,47,316,7,42,5,2,7,0,34,1,0,0,0,0,1,0,0,0,0,0,0,0,0,0,0,0,0,0,0,0,0,0,0,0,0,0,0,0,0,0,0,0,0,0,0,0,0,0,0,0,0,0,0,0,0,0,0,0,0,0,0,0,14139
RedHat-HAC,11,0,0,72,0,0,0,0,12,0,1137,0,11,0,0,0,0,47,0,0,92,1,0,0,0,0,0,0,2,2,0,0,0,0,0,0,0,0,0,0,0,0,0,0,0,0,0,0,0,0,0,0,0,0,0,0,0,0,0,0,0,0,0,0,0,0,0,0,0,0,0,1387
Jira-BSERV,2406,202,0,1085,150,0,0,0,106,0,175,0,135,0,0,30,0,20,0,0,81,0,0,0,0,0,0,0,0,0,0,0,0,0,117,135,64,988,185,0,1,11,12,8,0,0,0,0,0,0,0,0,0,0,0,0,0,0,0,0,0,0,0,0,0,0,0,0,0,0,0,5911
Spring-DATACMNS,1046,102,0,61,28,0,0,0,9,0,9,0,0,0,0,1,0,5,0,0,0,0,0,0,246,65,0,0,0,0,2,0,0,0,0,0,0,0,0,0,0,0,0,0,0,0,0,0,0,0,0,0,0,0,0,0,0,0,0,0,0,0,0,0,0,0,0,0,0,0,0,1574
Apache-FELIX,4983,208,92,171,129,4,3,24,62,2,3,4,7,1,1,12,0,2,3,5,0,0,0,0,0,0,0,0,0,0,0,0,0,0,0,0,0,0,0,0,0,0,0,0,0,0,0,0,0,0,0,0,0,0,0,0,0,0,0,0,0,0,0,0,0,0,0,0,0,0,0,5716
Apache-SENTRY,1594,95,48,131,25,2,1,1,21,8,4,0,12,3,1,3,0,2,0,0,0,0,0,0,0,0,0,0,0,0,0,0,0,0,0,0,0,0,0,0,0,0,0,0,0,0,0,0,0,0,0,0,0,0,0,0,0,0,0,0,0,0,0,0,0,0,0,0,0,0,0,1951
RedHat-HAL,0,49,0,4,0,0,0,0,48,0,1272,0,0,0,0,0,0,15,0,0,5,0,1,0,0,0,0,42,79,51,7,0,3,4,0,0,0,0,0,0,0,0,0,0,0,0,1,0,1,0,0,0,0,0,0,0,0,0,0,0,0,0,0,0,0,0,0,0,0,0,0,1582
Apache-MSHARED,889,46,9,29,7,1,0,6,7,4,79,0,0,1,0,8,0,3,0,25,0,0,0,1,0,0,0,0,0,0,0,0,0,0,0,0,0,0,0,0,0,0,0,0,0,0,0,0,0,0,0,0,0,0,0,0,0,0,0,0,0,0,0,0,0,0,0,0,0,0,0,1115
RedHat-ISPN,4,172,0,40,0,0,0,0,89,0,9758,0,18,0,0,1,0,98,0,0,91,0,1,0,0,0,0,310,662,442,18,9,6,25,0,0,0,0,0,0,0,0,0,0,0,0,4,0,0,0,0,0,0,0,0,0,0,0,0,0,0,0,0,0,0,0,0,0,0,0,0,11748
Apache-TRINIDAD,1599,45,8,76,92,2,0,1,29,0,0,0,0,0,0,7,0,0,0,0,0,0,0,0,0,0,0,0,0,0,0,0,0,0,0,0,0,0,0,0,0,0,0,0,0,0,0,0,0,0,0,0,0,0,0,0,0,0,0,0,0,0,0,0,0,0,0,0,0,0,0,1859
Apache-FOR,704,49,2,15,25,4,0,1,24,0,0,0,0,0,0,18,0,0,0,0,0,0,0,0,0,0,0,0,0,0,0,0,0,0,0,0,0,0,0,0,0,0,0,0,0,0,0,0,0,0,0,0,0,0,0,0,0,0,0,0,0,0,0,0,0,0,0,0,0,0,0,842
Apache-ARIES,1573,42,29,41,22,0,0,6,18,2,40,0,6,1,1,0,0,2,1,0,0,0,0,0,0,0,0,0,0,0,0,0,0,0,0,0,0,0,0,0,0,0,0,0,0,0,0,0,0,0,0,0,0,0,0,0,0,0,0,0,0,0,0,0,0,0,0,0,0,0,0,1784
Apache-JCLOUDS,929,49,31,71,27,5,1,1,6,4,7,0,5,0,4,0,0,1,1,0,0,0,0,1,0,0,0,0,0,0,0,0,0,0,0,0,0,0,0,0,0,0,0,0,0,0,0,0,0,0,0,0,0,0,0,0,0,0,0,0,0,0,0,0,0,0,0,0,0,0,0,1143
Apache-GERONIMO,4976,195,32,188,275,10,6,0,118,0,1,0,0,0,0,7,0,0,0,0,0,0,0,0,0,0,0,0,0,0,0,0,0,0,0,0,0,0,0,0,0,0,0,0,0,0,0,0,0,0,0,0,0,0,0,0,0,0,0,0,0,0,0,0,0,0,0,0,0,0,0,5808
RedHat-MODE,0,180,0,0,0,0,0,0,32,0,2213,0,0,0,0,0,0,42,0,0,0,0,0,0,0,0,0,102,6,51,0,0,1,0,0,0,0,0,0,0,0,0,0,0,0,0,4,0,0,0,0,0,0,0,0,0,0,0,0,0,0,0,0,0,0,0,0,0,0,0,0,2631
Apache-HTTPCLIENT,1337,179,79,107,248,0,0,2,41,4,0,0,12,15,0,99,0,1,0,1,0,0,0,0,0,0,0,0,0,0,0,0,0,0,0,0,0,0,0,0,0,0,0,0,0,0,0,0,0,0,0,0,0,0,0,0,0,0,0,0,0,0,0,0,0,0,0,0,0,0,0,2125
Apache-HDDS,4991,97,126,377,40,6,61,65,54,262,237,1,27,7,7,2,0,43,1,2,0,0,0,1,0,0,0,0,0,0,0,0,0,0,0,0,0,0,0,0,0,0,0,0,0,0,0,0,0,0,0,0,0,0,0,0,0,0,0,0,0,0,0,0,0,0,0,0,0,0,0,6407
Apache-TOMAHAWK,885,39,7,112,107,12,0,0,28,0,0,0,0,0,0,7,0,0,0,0,0,0,0,0,0,0,0,0,0,0,0,0,0,0,0,0,0,0,0,0,0,0,0,0,0,0,0,0,0,0,0,0,0,0,0,0,0,0,0,0,0,0,0,0,0,0,0,0,0,0,0,1197
RedHat-SWITCHYARD,0,36,0,0,0,0,0,0,37,0,2189,0,0,0,0,0,0,1,0,0,0,0,0,0,0,0,0,66,114,76,3,1,2,0,0,0,0,0,0,0,0,0,0,0,0,0,1,0,0,2,0,0,0,0,0,0,0,0,0,0,0,0,0,0,0,0,0,0,0,0,0,2528
Apache-FOP,1557,146,53,251,33,13,0,1,142,9,3,0,16,0,2,319,0,0,11,0,0,0,0,0,0,0,0,0,0,0,0,0,0,0,0,0,0,0,0,0,0,0,0,0,0,0,0,0,0,0,0,0,0,0,0,0,0,0,0,0,0,0,0,0,0,0,0,0,0,0,0,2556
RedHat-RESTEASY,1,24,0,8,0,0,0,0,39,0,2275,0,16,0,0,2,0,21,0,0,16,1,0,0,0,0,0,149,212,55,1,4,4,31,0,0,0,0,0,0,0,0,0,0,0,0,1,0,0,0,0,0,0,0,0,0,0,0,0,0,0,0,0,0,0,0,0,0,0,0,0,2860
RedHat-WINDUP,1,11,0,45,0,0,0,0,33,0,1565,0,12,0,0,0,0,116,0,0,104,8,0,0,0,0,0,13,70,28,4,8,1,8,0,0,0,0,0,0,0,0,0,0,0,0,0,0,0,0,0,0,0,0,0,0,0,0,0,0,0,0,0,0,0,0,0,0,0,0,0,2027
Apache-MRELEASE,435,128,62,131,5,0,0,4,47,0,1,4,3,0,1,27,0,3,0,128,0,0,0,0,0,0,0,0,0,0,0,0,0,0,0,0,0,0,0,0,0,0,0,0,0,0,0,0,0,0,0,0,0,0,0,0,0,0,0,0,0,0,0,0,0,0,0,0,0,0,0,979
Jira-BAM,6526,325,0,1043,134,0,0,0,138,0,375,0,130,0,0,33,0,219,0,0,637,0,0,0,0,0,0,0,0,0,0,0,0,0,2125,234,0,515,95,1,3,29,91,38,0,0,0,0,0,0,0,0,0,0,0,0,0,0,0,0,0,0,0,0,0,0,0,0,0,0,0,12691
Apache-OWB,1281,35,27,11,17,3,1,0,6,0,1,0,0,0,0,1,0,0,0,0,0,0,0,0,0,0,0,0,0,0,0,0,0,0,0,0,0,0,0,0,0,0,0,0,0,0,0,0,0,0,0,0,0,0,0,0,0,0,0,0,0,0,0,0,0,0,0,0,0,0,0,1383
Apache-TOBAGO,1847,107,21,47,26,2,0,11,30,3,15,7,2,2,4,1,0,0,0,2,0,0,0,0,0,0,0,0,0,0,0,0,0,0,0,0,0,0,0,0,0,0,0,0,0,0,0,0,0,0,0,0,0,0,0,0,0,0,0,0,0,0,0,0,0,0,0,0,0,0,0,2127
Apache-GOBBLIN,1043,5,1,6,2,0,13,1,1,1,6,0,0,0,0,1,1,0,0,0,0,0,0,0,0,0,0,0,0,0,0,0,0,0,0,0,0,0,0,0,0,0,0,0,0,0,0,0,0,0,0,0,0,0,0,0,0,0,0,0,0,0,0,0,0,0,0,0,0,0,0,1081
RedHat-GITOPS,0,0,0,49,0,0,0,0,5,0,692,0,9,0,0,0,0,113,0,0,14,0,0,0,0,0,0,0,0,0,0,0,0,0,0,0,0,0,0,0,0,0,0,0,0,0,0,0,0,0,0,0,0,0,0,0,0,0,0,0,0,0,0,0,0,0,0,0,0,0,0,882
JFrog-TCAP,0,0,0,1,0,0,0,0,1,0,122,0,9,0,0,0,0,0,0,0,0,0,0,0,0,0,0,0,0,0,2,0,0,0,0,0,0,0,0,0,0,0,0,0,0,0,0,0,0,0,0,0,0,0,0,0,0,0,0,0,0,0,0,0,0,0,0,0,0,0,0,135
RedHat-JBSEAM,0,237,0,0,0,0,0,0,109,0,2876,0,0,0,0,0,0,1,0,0,0,0,0,0,0,0,0,342,331,180,6,20,32,0,0,0,0,0,0,0,0,0,0,0,0,0,0,0,0,0,0,0,0,0,0,0,0,0,0,0,0,0,0,0,0,0,0,0,0,0,0,4134
Jira-I18N,516,14,0,11,5,0,0,0,8,0,7,0,2,0,0,1,0,1,0,0,1,0,0,0,0,0,0,0,0,0,0,0,0,0,0,0,2,6,4,4,0,0,1,0,0,0,0,0,0,0,0,0,0,0,0,0,0,0,0,0,0,0,0,0,0,0,0,0,0,0,0,583
RedHat-CEQ,0,0,0,0,0,0,0,0,0,0,552,0,9,0,0,0,0,23,0,0,3,0,5,0,0,0,0,0,0,0,0,0,0,0,0,0,0,0,0,0,0,0,0,0,0,0,0,0,0,0,0,0,0,0,0,0,0,0,0,0,0,0,0,0,0,0,0,0,0,0,0,592
Apache-PIVOT,734,38,32,11,10,4,0,0,10,2,1,0,0,0,0,4,0,0,0,0,0,0,0,0,0,0,0,0,0,0,0,0,0,0,0,0,0,0,0,0,0,0,0,0,0,0,0,0,0,0,0,0,0,0,0,0,0,0,0,0,0,0,0,0,0,0,0,0,0,0,0,846
Apache-BATIK,634,16,14,61,5,42,0,0,28,0,1,0,2,0,0,118,0,0,1,0,0,0,0,0,0,0,0,0,0,0,0,0,0,0,0,0,0,0,0,0,0,0,0,0,0,0,0,0,0,0,0,0,0,0,0,0,0,0,0,0,0,0,0,0,0,0,0,0,0,0,0,922
Spring-IDE,795,273,0,130,8,0,0,0,92,0,0,0,0,0,0,35,0,0,0,0,0,0,0,0,44,9,0,0,0,0,0,0,0,0,0,0,0,0,0,0,0,0,0,0,0,0,0,0,0,0,0,0,0,0,0,0,0,0,0,0,0,0,0,0,0,0,0,0,0,0,0,1386
Apache-AMQ,5172,320,402,290,197,16,2,421,255,4,8,2,14,8,8,257,0,0,0,1,0,0,0,1,0,0,0,0,0,0,0,0,0,0,0,0,0,0,0,0,0,0,0,0,0,0,0,0,0,0,0,0,0,0,0,0,0,0,0,0,0,0,0,0,0,0,0,0,0,0,0,7378
RedHat-AF,0,31,0,2,0,0,0,0,26,0,1597,0,1,0,0,0,0,91,0,0,8,1,0,0,0,0,0,18,103,65,13,0,1,11,0,0,0,0,0,0,0,0,0,0,0,0,0,0,0,0,0,0,0,0,0,0,0,0,0,0,0,0,0,0,0,0,0,0,0,0,0,1968
Jira-CRUC,3402,336,0,463,72,0,0,0,196,0,3,0,90,0,0,32,0,2,0,0,309,0,0,0,0,0,0,0,0,0,0,0,0,0,499,106,0,386,28,0,2,14,9,11,0,0,0,0,0,0,0,0,0,0,0,0,0,0,0,0,0,0,0,0,0,0,0,0,0,0,0,5960
RedHat-THORN,0,24,0,0,0,0,0,0,51,0,1760,0,0,0,0,0,0,46,0,0,0,0,0,0,0,0,0,105,383,57,0,1,1,37,0,0,0,0,0,0,0,0,0,0,0,0,2,0,0,0,0,0,0,0,0,0,0,0,0,0,0,0,0,0,0,0,0,0,0,0,0,2467
Apache-KARAF,5863,262,249,205,35,2,3,1,168,9,3,3,12,8,0,6,0,0,2,0,0,0,0,1,0,0,0,0,0,0,0,0,0,0,0,0,0,0,0,0,0,0,0,0,0,0,0,0,0,0,0,0,0,0,0,0,0,0,0,0,0,0,0,0,0,0,0,0,0,0,0,6832
Jira-CONFCLOUD,4922,6433,0,1743,254,0,0,0,735,0,145,0,240,0,0,35,0,835,0,0,497,0,0,0,0,0,0,0,0,0,0,0,0,0,3502,16,19,1474,430,0,16,602,33,18,4,0,0,0,0,0,0,0,0,0,0,0,0,0,0,0,0,0,0,0,0,0,0,0,0,0,0,21953
Apache-OODT,727,176,15,18,4,1,3,0,14,3,13,1,0,0,0,1,0,0,0,0,0,0,0,0,0,0,0,0,0,0,0,0,0,0,0,0,0,0,0,0,0,0,0,0,0,0,0,0,0,0,0,0,0,0,0,0,0,0,0,0,0,0,0,0,0,0,0,0,0,0,0,976
Apache-AXIS2,4195,279,102,135,294,7,4,1,90,3,2,0,4,0,2,120,0,9,1,0,0,0,0,0,0,0,0,0,0,0,0,0,0,0,0,0,0,0,0,0,0,0,0,0,0,0,0,0,0,0,0,0,0,0,0,0,0,0,0,0,0,0,0,0,0,0,0,0,0,0,0,5248
Apache-HUDI,2679,73,48,235,83,3,45,29,28,63,425,2,14,4,1,3,6,35,0,1,0,0,0,0,0,0,0,0,0,0,0,0,0,0,0,0,0,0,0,0,0,0,0,0,0,0,0,0,0,0,0,0,0,0,0,0,0,0,0,0,0,0,0,0,0,0,0,0,0,0,0,3777
Apache-GROOVY,7590,790,318,398,26,0,5,10,171,6,4,0,31,72,3,80,0,5,4,1,0,0,0,1,0,0,0,0,0,0,0,0,0,0,0,0,0,0,0,0,0,0,0,0,0,0,0,0,0,0,0,0,0,0,0,0,0,0,0,0,0,0,0,0,0,0,0,0,0,0,0,9515
JiraEcosystem-AG,854,47,0,52,27,0,0,0,16,0,0,0,15,0,0,0,0,0,0,0,447,0,0,0,0,0,0,7,0,0,0,0,0,0,0,0,0,0,1,0,0,0,0,0,0,0,0,0,0,0,0,0,0,0,0,0,0,0,0,0,0,0,0,0,0,0,0,0,0,0,0,1466
RedHat-ENTMQMAAS,0,26,0,3,0,0,0,0,11,0,1649,0,3,0,0,0,0,42,0,0,5,0,0,0,0,0,0,42,50,47,0,1,0,12,0,0,0,0,0,0,0,0,0,0,0,0,0,0,0,0,0,0,0,0,0,0,0,0,0,0,0,0,0,0,0,0,0,0,0,0,0,1891
Apache-DRILL,4766,108,102,281,140,14,21,9,105,5,66,17,40,9,5,4,0,6,2,1,0,0,0,0,0,0,0,0,0,0,0,0,0,0,0,0,0,0,0,0,0,0,0,0,0,1,0,0,0,0,0,0,0,0,0,0,0,0,0,0,0,0,0,0,0,0,0,0,0,0,0,5702
Apache-HDFS,9870,447,411,1237,323,52,19,22,152,22,37,1,29,2,5,46,1,14,2,5,0,0,0,0,0,0,0,0,0,0,0,0,0,0,0,0,0,0,0,0,0,0,0,0,0,0,0,0,0,0,0,0,0,0,0,0,0,0,0,0,0,0,0,0,0,0,0,0,0,0,0,12697
RedHat-JBDS,1,140,0,4,0,0,0,0,110,0,3098,0,3,0,0,0,0,21,0,0,11,1,0,0,0,0,0,171,170,250,16,15,26,1,0,0,0,0,0,0,0,0,0,0,0,0,50,0,0,0,1,0,0,0,0,0,0,0,0,0,0,0,0,0,0,0,0,0,0,0,0,4089
RedHat-JBPAPP,0,265,0,12,0,0,0,0,52,0,4498,0,0,0,0,0,0,54,0,0,67,0,0,0,0,0,0,251,545,134,18,7,15,0,0,0,0,0,0,0,0,0,0,0,0,0,15,0,0,0,0,0,0,0,0,0,0,0,0,0,0,0,0,0,0,0,0,0,0,0,0,5933
JiraEcosystem-PLUG,807,39,0,43,29,0,0,0,14,0,1,0,16,0,0,1,0,3,0,0,131,0,0,0,0,0,0,1,0,0,0,0,0,0,3,2,0,3,16,0,0,0,0,0,0,0,0,0,0,0,0,1,0,0,0,0,0,0,0,0,0,0,0,0,0,0,0,0,0,0,0,1110
Apache-NUTCH,1850,250,80,113,75,4,7,14,28,104,5,1,3,1,0,10,0,3,1,147,0,0,0,0,0,0,0,0,0,0,0,0,0,0,0,0,0,0,0,0,0,0,0,0,0,0,0,0,0,0,0,0,0,0,0,0,0,0,0,0,0,0,0,0,0,0,0,0,0,0,0,2696
Apache-ACCUMULO,3175,336,201,296,101,23,8,135,167,5,42,0,6,0,1,69,0,4,2,15,0,0,0,0,0,0,0,0,0,0,0,0,0,0,0,0,0,0,0,0,0,0,0,0,0,0,0,0,0,0,0,0,0,0,0,0,0,0,0,0,0,0,0,0,0,0,0,0,0,0,0,4586
Apache-COCOON,1523,137,1,82,26,2,0,0,40,1,0,0,0,0,0,143,0,0,0,0,0,0,0,0,0,0,0,0,0,0,0,0,0,0,0,0,0,0,0,0,0,0,0,0,0,0,0,0,0,0,0,0,0,0,0,0,0,0,0,0,0,0,0,0,0,0,0,0,0,0,0,1955
RedHat-SB,0,18,0,2,0,0,0,0,5,0,1036,0,0,0,0,0,0,69,0,0,3,0,0,0,0,0,0,21,25,20,3,0,1,9,0,0,0,0,0,0,0,0,0,0,0,0,0,0,0,0,0,0,0,0,0,0,0,0,0,0,0,0,0,0,0,0,0,0,0,0,0,1212
Apache-JS2,1077,50,5,25,45,6,0,0,31,1,0,0,0,0,0,13,0,0,0,0,0,0,0,0,0,0,0,0,0,0,0,0,0,0,0,0,0,0,0,0,0,0,0,0,0,0,0,0,0,0,0,0,0,0,0,0,0,0,0,0,0,0,0,0,0,0,0,0,0,0,0,1253
Spring-SWF,699,131,0,50,48,0,0,0,56,0,0,0,0,0,0,9,0,0,0,0,0,0,0,0,199,16,0,0,0,0,1,0,0,0,0,0,0,0,0,0,0,0,0,0,0,0,0,0,0,0,0,0,0,0,0,0,0,0,0,0,0,0,0,0,0,0,0,0,0,0,0,1209
RedHat-JBESB,0,61,0,0,0,0,0,0,8,0,2965,0,0,0,0,0,0,0,0,0,0,0,0,0,0,0,0,178,148,83,2,2,3,0,0,0,0,0,0,0,0,0,0,0,0,0,0,0,0,0,0,0,0,0,0,0,0,0,0,0,0,0,0,0,0,0,0,0,0,0,0,3450
Apache-MRM,1331,171,41,127,2,1,2,1,110,0,0,0,4,0,2,8,0,0,0,1,0,0,0,0,0,0,0,0,0,0,0,0,0,0,0,0,0,0,0,0,0,0,0,0,0,0,0,0,0,0,0,0,0,0,0,0,0,0,0,0,0,0,0,0,0,0,0,0,0,0,0,1801
RedHat-JBIDE,7,862,0,39,0,0,0,0,762,0,20304,0,11,0,0,0,0,155,0,0,38,4,0,0,0,0,0,2005,1088,1017,32,59,117,5,0,0,0,0,0,0,0,0,0,0,0,0,17,0,0,0,1,0,0,0,0,0,0,0,0,0,0,0,0,0,0,0,0,0,0,0,0,26523
RedHat-JBTM,0,139,0,16,0,0,0,0,52,0,2701,0,0,0,0,1,0,24,0,0,9,1,0,0,0,0,0,118,97,136,8,30,8,4,0,0,0,0,0,0,0,0,0,0,0,0,18,0,0,0,0,0,0,0,0,0,0,0,0,0,0,0,0,0,0,0,0,0,0,0,0,3362
RedHat-JWS,2,34,0,8,0,0,0,0,3,0,738,0,7,0,0,0,0,34,0,0,15,0,0,0,0,0,0,44,20,34,7,4,0,6,0,0,0,0,0,0,0,0,0,0,0,0,1,0,0,7,0,0,0,0,0,0,0,0,0,0,0,0,0,0,0,0,0,0,0,0,0,964
Apache-ROL,1331,312,87,73,9,2,0,48,141,6,6,0,2,0,0,52,0,0,0,0,0,0,0,0,0,0,0,0,0,0,0,0,0,0,0,0,0,0,0,0,0,0,0,0,0,0,0,0,0,0,0,0,0,0,0,0,0,0,0,0,0,0,0,0,0,0,0,0,0,0,0,2069
RedHat-JBAS,0,205,0,1,0,0,0,0,71,0,5335,0,0,0,0,0,0,3,0,0,4,0,0,0,0,0,0,739,1301,284,71,69,10,0,0,0,0,0,0,0,0,0,0,0,0,0,1,0,0,0,0,0,0,0,0,0,0,0,0,0,0,0,0,0,0,0,0,0,0,0,0,8094
JFrog-RTFACT,0,0,0,514,0,0,0,0,108,0,5937,0,384,0,0,0,0,0,0,0,0,0,0,0,0,0,0,0,0,0,4661,0,0,0,0,0,0,0,0,0,0,0,0,0,0,0,0,0,0,0,0,0,23,0,0,0,0,0,0,0,0,0,0,0,0,0,0,0,0,0,0,11627
Apache-IOTDB,3898,73,62,119,16,6,39,11,47,54,179,1,33,1,1,4,0,15,0,0,0,0,0,0,0,0,1,0,0,0,0,0,0,0,0,0,0,0,0,0,0,0,0,0,0,6,0,0,0,0,0,0,0,0,0,0,0,0,0,0,0,0,0,0,0,0,0,0,0,0,0,4566
Jira-BCLOUD,9284,3534,0,2623,2290,0,0,0,80,0,29,0,30,0,0,3,0,65,0,0,707,0,0,0,0,0,0,0,0,0,0,0,0,0,269,334,5,14,23,1,1,34,3,1,4,0,0,0,0,0,0,0,0,0,0,0,0,0,0,0,0,0,0,0,0,0,0,0,0,0,0,19334
Apache-TAP5,1627,203,67,142,317,0,0,70,51,5,13,0,4,1,0,55,0,5,1,1,0,0,0,0,0,0,0,0,0,0,0,0,0,0,0,0,0,0,0,0,0,0,0,0,0,0,0,0,0,0,0,0,0,0,0,0,0,0,0,0,0,0,0,0,0,0,0,0,0,0,0,2562
Jira-JRASERVER,12484,6419,0,4844,582,0,0,0,583,0,231,0,615,0,0,109,0,5368,0,0,1047,0,0,0,0,0,0,0,0,0,0,0,0,0,3536,550,9,1858,538,2,42,492,291,18,0,0,0,0,0,0,0,0,0,0,0,0,0,0,0,0,0,0,0,0,0,0,0,0,0,0,0,39618
Apache-DIRMINA,781,76,35,29,63,1,0,57,18,0,0,0,8,0,0,12,0,6,0,0,0,0,0,0,0,0,0,0,0,0,0,0,0,0,0,0,0,0,0,0,0,0,0,0,0,1,0,0,0,0,0,0,0,0,0,0,0,0,0,0,0,0,0,0,0,0,0,0,0,0,0,1087
RedHat-OCPPLAN,0,0,0,13,0,0,0,0,0,0,694,0,0,0,0,0,0,181,0,0,247,0,1,0,0,0,0,0,0,0,0,0,0,0,0,0,0,0,0,0,0,0,0,0,0,0,0,0,0,0,0,0,0,1,0,0,0,0,0,0,0,0,0,0,0,0,0,0,0,0,0,1137
Apache-FLINK,17888,1154,791,1937,582,133,315,398,496,941,815,6,173,109,31,35,0,419,2,1,0,0,0,9,0,0,0,0,0,0,0,0,0,0,0,0,0,0,0,0,0,0,0,0,0,5,0,0,0,0,0,0,0,0,0,0,0,0,0,0,0,0,0,0,0,0,0,0,0,0,0,26240
Apache-METRON,0,0,0,0,0,0,0,0,0,0,1656,0,0,0,0,0,0,0,0,0,0,0,0,0,0,0,0,0,0,0,0,0,0,0,0,0,0,0,0,0,0,0,0,0,0,0,0,0,0,0,0,0,0,0,0,0,0,0,0,0,0,0,0,0,0,0,0,0,0,0,0,1656
Spring-DATAMONGO,1090,108,0,138,53,0,0,0,37,0,23,0,0,0,0,1,0,1,0,0,0,0,0,0,559,203,0,0,0,0,2,0,0,0,0,0,0,0,0,0,0,0,0,0,0,0,0,0,0,0,0,0,0,0,0,0,0,0,0,0,0,0,0,0,0,0,0,0,0,0,0,2215
Apache-LOG4J2,2086,89,144,116,63,6,8,31,27,19,14,0,34,57,10,11,1,16,2,0,0,0,0,0,0,0,0,0,0,0,0,0,0,0,0,0,0,0,0,0,0,0,0,0,0,1,0,0,0,0,0,0,0,0,0,0,0,0,0,0,0,0,0,0,0,0,0,0,0,0,0,2735
Apache-BOOKKEEPER,795,69,19,57,8,0,0,0,7,7,19,0,1,0,0,0,0,40,0,0,0,0,0,0,0,0,0,0,0,0,0,0,0,0,0,0,0,0,0,0,0,0,0,0,0,0,0,0,0,0,0,0,0,0,0,0,0,0,0,0,0,0,0,0,0,0,0,0,0,0,0,1022
Apache-STR,1399,380,87,278,4,0,0,0,110,0,1,0,1,0,0,505,0,0,0,0,0,0,0,0,0,0,0,0,0,0,0,0,0,0,0,0,0,0,0,0,0,0,0,0,0,0,0,0,0,0,0,0,0,0,0,0,0,0,0,0,0,0,0,0,0,0,0,0,0,0,0,2765
Apache-YARN,6190,330,160,978,243,21,16,6,70,27,33,1,17,6,3,3,0,18,3,1,0,0,0,0,0,0,0,0,0,0,0,0,0,0,0,0,0,0,0,0,0,0,0,0,0,0,0,0,0,0,0,0,0,0,0,0,0,0,0,0,0,0,0,0,0,0,0,0,0,0,0,8126
RedHat-MON,0,0,0,26,0,0,0,0,1,0,711,0,6,0,0,0,0,39,0,0,121,0,0,0,0,0,0,0,0,0,0,0,0,0,0,0,0,0,0,0,0,0,0,0,0,0,0,0,0,0,0,0,0,0,0,0,0,0,0,0,0,0,0,0,0,0,0,0,0,0,0,904
Spring-SPR,4526,2560,0,765,807,0,0,0,438,0,2,0,0,0,0,127,0,175,0,0,0,0,0,0,5831,682,0,0,0,0,25,0,0,0,0,0,0,0,0,0,0,0,0,0,0,0,0,0,0,0,0,0,0,0,0,0,0,0,0,0,0,0,0,0,0,0,0,0,0,0,0,15938
RedHat-JBEAP,2,305,0,96,0,0,0,0,137,0,6531,0,84,0,0,0,0,645,0,0,143,2,3,0,0,0,0,730,823,622,196,11,5,74,0,0,0,0,0,0,0,0,0,0,0,0,32,0,0,0,1,0,0,0,0,0,0,0,0,0,0,0,0,0,0,0,0,0,0,0,0,10442
Apache-PHOENIX,4211,131,160,343,148,11,70,1,79,24,11,2,30,6,3,14,0,25,0,0,0,0,0,0,0,0,0,0,0,0,0,0,0,0,0,0,0,0,0,0,0,0,0,0,0,0,0,0,0,0,0,0,0,0,0,0,0,0,0,0,0,0,0,0,0,0,0,0,0,0,0,5269
Apache-JCR,3555,132,46,162,166,16,0,4,60,0,4,0,11,0,0,23,0,5,0,0,0,0,0,0,0,0,0,0,0,0,0,0,0,0,0,0,0,0,0,0,0,0,0,0,0,0,0,0,0,0,0,0,0,0,0,0,0,0,0,0,0,0,0,0,0,0,0,0,0,0,0,4184
Apache-FALCON,1555,22,20,76,50,43,1,0,14,11,3,4,2,1,0,1,0,0,1,0,0,0,0,0,0,0,0,0,0,0,0,0,0,0,0,0,0,0,0,0,0,0,0,0,0,0,0,0,0,0,0,0,0,0,0,0,0,0,0,0,0,0,0,0,0,0,0,0,0,0,0,1804
RedHat-WELD,0,55,0,7,0,0,0,0,39,0,1964,0,7,0,0,0,0,15,0,0,3,0,0,0,0,0,0,206,121,65,9,10,14,6,0,0,0,0,0,0,0,0,0,0,0,0,0,0,0,0,0,0,0,0,0,0,0,0,0,0,0,0,0,0,0,0,0,0,0,0,0,2521
Apache-BIGTOP,2768,115,46,133,51,2,9,4,36,12,32,2,4,1,1,1,0,10,1,0,0,0,0,0,0,0,0,0,0,0,0,0,0,0,0,0,0,0,0,0,0,0,0,0,0,0,0,0,0,0,0,0,0,0,0,0,0,0,0,0,0,0,0,0,0,0,0,0,0,0,0,3228
Apache-SSHD,926,60,68,41,7,1,0,7,19,5,4,0,9,70,10,3,0,3,1,0,0,0,0,0,0,0,0,0,0,0,0,0,0,0,0,0,0,0,0,0,0,0,0,0,0,0,0,0,0,0,0,0,0,0,0,0,0,0,0,0,0,0,0,0,0,0,0,0,0,0,0,1234
RedHat-OSSM,1,3,0,32,0,0,0,0,3,0,1249,0,16,0,0,0,0,124,0,0,32,3,1,0,0,0,0,26,9,2,0,0,0,1,0,0,0,0,0,0,0,0,0,0,0,0,0,0,1,0,0,0,0,0,0,0,0,0,0,0,0,0,0,0,0,0,0,0,0,0,0,1503
JiraEcosystem-PLE,930,324,0,78,56,0,0,0,46,0,0,0,11,0,0,16,0,0,0,0,8,0,0,0,0,0,0,0,0,0,0,0,0,0,2,5,0,17,2,0,0,0,4,0,0,0,0,0,0,0,0,0,0,0,0,0,0,0,0,0,0,0,0,0,0,0,0,0,0,0,0,1499
Apache-SCB,1803,87,10,37,8,3,53,0,1,42,211,0,1,0,0,1,0,9,0,0,0,0,0,0,0,0,0,0,0,0,0,0,0,0,0,0,0,0,0,0,0,0,0,0,0,0,0,0,0,0,0,0,0,0,0,0,0,0,0,0,0,0,0,0,0,0,0,0,0,0,0,2266
Apache-SLIDER,850,30,19,41,6,0,0,0,11,0,3,0,2,0,1,0,0,0,0,0,0,0,0,0,0,0,0,0,0,0,0,0,0,0,0,0,0,0,0,0,0,0,0,0,0,0,0,0,0,0,0,0,0,0,0,0,0,0,0,0,0,0,0,0,0,0,0,0,0,0,0,963
RedHat-RFE,0,0,0,0,0,0,0,0,0,0,0,0,0,0,0,0,0,0,0,0,0,0,0,0,0,0,0,0,0,0,0,0,0,0,0,0,0,0,0,0,0,0,0,0,0,0,0,0,0,0,0,0,0,0,0,0,0,0,0,0,0,0,0,0,0,0,0,0,0,0,0,0
Jira-OPSGENIE,108,3,0,46,7,0,0,0,6,0,4,0,14,0,0,0,0,3,0,0,1,0,0,0,0,0,0,0,0,0,0,0,0,0,0,3,0,3,3,1,0,0,1,0,0,0,0,0,0,0,0,0,0,0,0,0,0,0,0,0,0,0,0,0,0,0,0,0,0,0,0,203
RedHat-QUARKUS,31,7,0,31,0,0,0,0,4,0,998,0,44,0,0,1,0,84,0,0,17,2,3,0,0,0,0,6,3,31,1,0,0,4,0,0,0,0,0,0,0,0,0,0,0,0,1,0,0,0,0,0,0,0,0,0,0,0,0,0,0,0,0,0,0,0,0,0,0,0,0,1268
RedHat-ENTESB,39,609,0,59,0,0,0,0,254,0,10606,0,107,0,0,0,0,780,0,0,135,3,1,0,0,0,0,340,684,557,22,25,64,241,0,0,0,0,0,0,0,0,0,0,0,0,17,0,0,50,9,0,0,0,1,1,0,0,0,0,0,0,0,0,0,0,0,0,0,0,0,14604
RedHat-FUSETOOLS,0,62,0,14,0,0,0,0,90,0,2184,0,3,0,0,0,0,98,0,0,25,1,0,0,0,0,0,114,150,105,1,9,7,6,0,0,0,0,0,0,0,0,0,0,0,0,3,0,0,3,1,0,0,0,0,0,0,0,0,0,0,0,0,0,0,0,0,0,0,0,0,2876
Apache-RAVE,817,11,13,13,2,1,0,0,4,1,1,0,0,0,0,1,0,0,0,0,0,0,0,0,0,0,0,0,0,0,0,0,0,0,0,0,0,0,0,0,0,0,0,0,0,0,0,0,0,0,0,0,0,0,0,0,0,0,0,0,0,0,0,0,0,0,0,0,0,0,0,864
Apache-HIVE,16357,533,328,1357,322,28,22,15,174,44,70,12,46,12,7,46,0,26,4,3,0,0,0,1,0,0,0,0,0,0,0,0,0,0,0,0,0,0,0,0,0,0,0,0,0,0,0,0,0,0,0,0,0,0,0,0,0,0,0,0,0,0,0,0,0,0,0,0,0,0,0,19407
Apache-KNOX,2317,56,14,73,36,0,2,9,20,8,1,0,12,5,2,4,0,2,0,0,0,0,0,0,0,0,0,0,0,0,0,0,0,0,0,0,0,0,0,0,0,0,0,0,0,0,0,0,0,0,0,0,0,0,0,0,0,0,0,0,0,0,0,0,0,0,0,0,0,0,0,2561
Apache-NETBEANS,1582,59,82,282,129,4,26,56,118,132,20,0,56,101,13,259,0,9,11,1,0,0,0,1,0,0,0,0,0,0,0,0,0,0,0,0,0,0,0,0,0,0,0,0,0,0,0,0,0,0,0,0,0,0,0,0,0,0,0,0,0,0,0,0,0,0,0,0,0,0,0,2941
Apache-SLING,8935,371,86,180,132,10,9,11,46,29,770,1,17,0,0,11,0,18,0,0,0,0,0,2,0,0,0,0,0,0,0,0,0,0,0,0,0,0,0,0,0,0,0,0,0,0,0,0,0,0,0,0,0,0,0,0,0,0,0,0,0,0,0,0,0,0,0,0,0,0,0,10628
Spring-STS,1834,1005,0,296,60,0,0,0,228,0,12,0,0,0,0,9,0,0,0,0,0,0,0,0,821,141,0,0,0,0,1,0,0,0,0,0,0,0,0,0,0,0,0,0,0,0,0,0,0,0,0,0,0,0,0,0,0,0,0,0,0,0,0,0,0,0,0,0,0,0,0,4407
Apache-WW,3450,507,639,182,34,0,6,0,118,36,5,0,12,0,1,67,0,33,0,0,0,0,0,0,0,0,0,0,0,0,0,0,0,0,0,0,0,0,0,0,0,0,0,0,0,0,0,0,0,0,0,0,0,0,0,0,0,0,0,0,0,0,0,0,0,0,0,0,0,0,0,5090
Jira-CLOUD,2941,1938,0,677,273,0,0,0,149,0,19,0,121,0,0,17,0,6,0,0,630,0,0,0,0,0,0,0,0,0,0,0,0,0,57,97,7,43,47,85,9,163,12,0,6,0,0,0,0,0,0,0,0,0,0,0,0,0,0,0,0,0,0,0,0,0,0,0,0,0,0,7297
Apache-AIRAVATA,2493,102,33,58,100,15,4,14,37,4,12,0,2,0,6,3,2,0,0,0,0,0,0,0,0,0,0,0,0,0,0,0,0,0,0,0,0,0,0,0,0,0,0,0,0,0,0,0,0,0,0,0,0,0,0,0,0,0,0,0,0,0,0,0,0,0,0,0,0,0,0,2885
Apache-CALCITE,3399,63,116,194,90,3,14,8,27,4,1,0,27,1,1,2,0,7,3,0,0,0,0,1,0,0,0,0,0,0,0,0,0,0,0,0,0,0,0,0,0,0,0,0,0,0,0,0,0,0,0,0,0,0,0,0,0,0,0,0,0,0,0,0,0,0,0,0,0,0,0,3961
Apache-XALANJ,1223,62,6,241,48,1,0,0,99,0,0,0,0,0,0,280,0,0,0,0,0,0,0,0,0,0,0,0,0,0,0,0,0,0,0,0,0,0,0,0,0,0,0,0,0,0,0,0,0,0,0,0,0,0,0,0,0,0,0,0,0,0,0,0,0,0,0,0,0,0,0,1960
Apache-CLOUDSTACK,6630,405,293,315,227,30,3,6,310,40,13,3,2,0,1,58,0,2,0,1,0,0,0,0,0,0,0,0,0,0,0,0,0,0,0,0,0,0,0,0,0,0,0,0,0,0,0,0,0,0,0,0,0,0,0,0,0,0,0,0,0,0,0,0,0,0,0,0,0,0,0,8339
Spring-DATAREDIS,402,64,0,55,47,0,0,0,13,0,14,0,0,0,0,0,0,3,0,0,0,0,0,0,499,48,0,0,0,0,1,0,0,0,0,0,0,0,0,0,0,0,0,0,0,0,0,0,0,0,0,0,0,0,0,0,0,0,0,0,0,0,0,0,0,0,0,0,0,0,0,1146
RedHat-APIMAN,0,9,0,1,0,0,0,0,16,0,812,0,0,0,0,0,0,4,0,0,0,0,0,0,0,0,0,33,16,24,0,1,0,0,0,0,0,0,0,0,0,0,0,0,0,0,1,0,0,0,0,0,0,0,0,0,0,0,0,0,0,0,0,0,0,0,0,0,0,0,0,917
Apache-DIRSERVER,1522,162,36,49,89,4,1,7,33,0,0,0,2,1,1,6,0,0,0,0,0,0,0,0,0,0,0,0,0,0,0,0,0,0,0,0,0,0,0,0,0,0,0,0,0,0,0,0,0,0,0,0,0,0,0,0,0,0,0,0,0,0,0,0,0,0,0,0,0,0,0,1913
JiraEcosystem-ACJIRA,641,70,0,105,35,0,0,0,24,0,49,0,29,0,0,4,0,21,0,0,45,0,0,0,0,0,0,5,0,0,0,0,0,0,107,14,0,138,70,0,0,4,3,0,0,0,0,2,0,0,0,0,0,0,0,0,2,5,2,1,0,0,0,0,0,0,0,0,0,0,0,1376
Apache-GEODE,7076,387,127,439,76,13,23,36,202,27,59,0,24,5,6,11,5,81,3,0,0,0,0,1,0,0,1,0,0,0,0,0,0,0,0,0,0,0,0,0,0,0,0,0,0,0,0,0,0,0,0,0,0,0,0,0,0,0,0,0,0,0,0,0,0,0,0,0,0,0,0,8602
Apache-JUDDI,847,27,29,21,19,0,0,3,22,6,14,0,0,0,0,5,0,0,0,0,0,0,0,0,0,0,0,0,0,0,0,0,0,0,0,0,0,0,0,0,0,0,0,0,0,0,0,0,0,0,0,0,0,0,0,0,0,0,0,0,0,0,0,0,0,0,0,0,0,0,0,993
JiraEcosystem-AMPS,786,277,0,73,23,0,0,0,26,0,11,0,24,0,0,1,0,3,0,0,119,0,0,0,0,0,0,0,0,0,0,0,0,0,50,1,0,9,7,0,0,0,2,0,0,0,0,0,0,0,0,0,0,0,0,0,0,0,0,0,0,0,0,0,0,0,0,0,0,0,0,1412
RedHat-KATA,4,3,0,6,0,0,0,0,6,0,609,0,3,0,0,0,0,8,0,0,0,0,0,0,0,0,0,2,16,23,4,2,0,1,0,0,0,0,0,0,0,0,0,0,0,0,0,0,0,0,1,0,0,0,1,1,0,0,0,0,5,1,0,0,0,0,0,0,0,0,0,696
RedHat-OPECO,0,0,0,13,0,0,0,0,1,0,688,0,0,0,0,0,0,56,0,0,112,1,0,0,0,0,0,0,0,0,0,0,0,0,0,0,0,0,0,0,0,0,0,0,0,0,0,0,0,0,0,0,0,0,0,0,0,0,0,0,0,0,0,0,0,0,0,0,0,0,0,871
Apache-STORM,2345,66,47,134,66,0,2,5,21,3,5,0,8,0,0,4,0,3,2,0,0,0,0,0,0,0,0,0,0,0,0,0,0,0,0,0,0,0,0,0,0,0,0,0,0,0,0,0,0,0,0,0,0,0,0,0,0,0,0,0,0,0,0,0,0,0,0,0,0,0,0,2711
RedHat-EJBTHREE,0,26,0,1,0,0,0,0,20,0,1438,0,0,0,0,0,0,0,0,0,2,0,0,0,0,0,0,118,88,55,10,6,1,0,0,0,0,0,0,0,0,0,0,0,0,0,0,0,0,0,0,0,0,0,0,0,0,0,0,0,0,0,0,0,0,0,0,0,0,0,0,1765
Apache-DIRSTUDIO,905,35,38,30,26,1,0,5,32,1,5,0,1,1,5,3,0,0,0,0,0,0,0,0,0,0,0,0,0,0,0,0,0,0,0,0,0,0,0,0,0,0,0,0,0,0,0,0,0,0,0,0,0,0,0,0,0,0,0,0,0,0,0,0,0,0,0,0,0,0,0,1088
JiraEcosystem-FRGE,27,1,0,11,1,0,1,0,3,0,295,0,0,0,0,0,0,0,0,0,0,0,0,0,0,0,0,0,0,0,0,0,0,0,1,0,0,5,1,0,0,0,0,0,0,0,0,0,0,0,0,0,0,0,0,0,2,0,0,0,0,0,0,0,0,0,0,0,0,0,0,348
Apache-SYNAPSE,887,27,2,17,31,3,0,0,8,1,9,0,2,0,1,2,0,0,0,0,0,0,0,0,0,0,0,0,0,0,0,0,0,0,0,0,0,0,0,0,0,0,0,0,0,0,0,0,0,0,0,0,0,0,0,0,0,0,0,0,0,0,0,0,0,0,0,0,0,0,0,990
RedHat-SDN,1,0,0,28,0,0,0,0,10,0,868,0,6,0,0,0,0,60,0,0,221,3,2,0,0,0,0,0,0,0,0,0,0,0,0,0,0,0,0,0,0,0,0,0,0,0,0,0,0,0,0,0,0,0,0,0,0,0,0,0,0,0,0,0,0,0,0,0,0,0,0,1199
Apache-OAK,7503,346,91,629,74,80,10,9,183,11,80,5,22,1,1,142,0,16,1,0,0,0,0,1,0,0,0,0,0,0,0,0,0,0,0,0,0,0,0,0,0,0,0,0,0,0,0,0,0,0,0,0,0,0,0,0,0,0,0,0,0,0,0,0,0,0,0,0,0,0,0,9205
RedHat-ENTMQBR,1,19,0,118,0,0,0,0,39,0,2624,0,96,0,0,0,0,205,0,0,144,3,4,0,0,0,0,229,32,142,0,0,1,76,0,0,0,0,0,0,0,0,0,0,0,0,0,0,0,0,0,0,0,0,0,0,0,0,0,0,0,0,0,0,0,0,0,0,0,0,0,3733
Sonatype-NEXUS,5968,1716,0,539,0,0,0,0,284,0,285,0,365,0,0,265,0,43,0,0,0,0,0,0,0,0,0,0,0,0,0,0,0,0,0,0,0,0,0,0,0,0,0,0,0,0,0,0,0,0,0,0,0,0,0,0,0,0,0,0,0,0,90,87,163,0,0,0,0,0,0,9805
RedHat-SRVKP,0,0,0,5,0,0,0,0,6,0,915,0,3,0,0,0,0,8,0,0,5,0,4,0,0,0,0,0,1,0,0,0,0,0,0,0,0,0,0,0,0,0,0,0,0,0,0,0,0,0,0,0,0,16,0,0,0,0,0,0,0,0,0,0,0,0,0,0,0,0,0,963
Apache-UIMA,5486,115,43,103,42,19,1,240,30,4,20,0,0,3,1,3,0,0,1,0,0,0,0,1,0,0,0,0,0,0,0,0,0,0,0,0,0,0,0,0,0,0,0,0,0,0,0,0,0,0,0,0,0,0,0,0,0,0,0,0,0,0,0,0,0,0,0,0,0,0,0,6112
Apache-CONTINUUM,1699,199,28,191,0,0,0,0,118,0,0,1,0,0,0,76,0,0,0,0,0,0,0,0,0,0,0,0,0,0,0,0,0,0,0,0,0,0,0,0,0,0,0,0,0,0,0,0,0,0,0,0,0,0,0,0,0,0,0,0,0,0,0,0,0,0,0,0,0,0,0,2312
Spring-DATAES,136,21,0,50,26,0,0,0,17,0,31,0,0,0,0,0,0,50,0,0,0,0,0,0,588,33,0,0,0,0,0,0,0,0,0,0,0,0,0,0,0,0,0,0,0,0,0,0,0,0,0,0,0,0,0,0,0,0,0,0,0,0,0,0,0,0,0,0,0,0,0,952
RedHat-HAWKULAR,0,20,0,2,0,0,0,0,12,0,900,0,0,0,0,0,0,15,0,0,9,0,0,0,0,0,0,27,220,34,1,0,1,0,0,0,0,0,0,0,0,0,0,0,0,0,1,0,0,0,0,0,0,0,0,0,0,0,0,0,0,0,0,0,0,0,0,0,0,0,0,1242
Jira-CLOV,839,498,0,64,15,0,0,0,15,0,0,0,13,0,0,1,0,0,0,0,30,0,0,0,0,0,0,0,0,0,0,0,0,0,2,6,0,3,11,0,0,1,2,1,0,0,0,0,0,0,0,0,0,0,0,0,0,0,0,0,0,0,0,0,0,0,0,0,0,0,0,1501
RedHat-JGRP,0,120,0,2,0,0,0,0,67,0,2017,0,1,0,0,0,0,30,0,0,0,0,0,0,0,0,0,158,29,51,22,8,4,3,0,0,0,0,0,0,0,0,0,0,0,0,2,0,0,0,0,0,0,0,0,0,0,0,0,0,0,0,0,0,0,0,0,0,0,0,0,2514
Apache-LENS,960,16,12,61,19,0,0,0,12,0,2,0,0,0,1,0,0,0,0,0,0,0,0,0,0,0,0,0,0,0,0,0,0,0,0,0,0,0,0,0,0,0,0,0,0,0,0,0,0,0,0,0,0,0,0,0,0,0,0,0,0,0,0,0,0,0,0,0,0,0,0,1083
JiraEcosystem-AUI,1325,759,0,187,39,0,0,0,48,0,1223,0,40,0,0,51,0,53,0,0,143,0,0,0,0,0,0,4,0,0,0,0,0,0,9,0,0,8,32,0,0,0,0,0,0,0,0,0,0,0,0,0,0,0,0,0,1,0,90,2,0,0,0,0,0,4,1,2,0,0,0,4021
Apache-OPENEJB,1559,21,12,28,29,4,0,9,6,3,2,0,0,0,0,0,0,0,0,0,0,0,0,0,0,0,0,0,0,0,0,0,0,0,0,0,0,0,0,0,0,0,0,0,0,0,0,0,0,0,0,0,0,0,0,0,0,0,0,0,0,0,0,0,0,0,0,0,0,0,0,1673
Apache-HBASE,18632,1361,902,1384,882,350,34,388,367,177,71,1,29,8,4,568,0,20,3,2,0,0,0,8,0,0,1,0,0,0,0,0,0,0,0,0,0,0,0,0,0,0,0,0,0,0,0,0,0,0,0,0,0,0,0,0,0,0,0,0,0,0,0,0,0,0,0,0,0,0,0,25192
RedHat-DBZ,0,28,0,112,0,0,0,0,100,0,3740,0,163,0,0,0,0,119,0,0,102,8,2,0,0,0,0,30,141,140,0,3,2,112,0,0,0,0,0,0,0,0,0,0,0,0,0,0,0,3,1,0,0,0,0,0,0,0,0,0,0,0,0,0,0,0,0,0,0,0,0,4806
RedHat-CLOUD,0,9,0,8,0,0,0,0,5,0,1351,0,0,0,0,0,0,32,0,0,19,0,0,0,0,0,0,23,63,64,3,0,0,14,0,0,0,0,0,0,0,0,0,0,0,0,1,0,0,0,0,0,0,0,0,0,0,0,0,0,0,0,0,0,0,0,0,0,0,0,0,1592
Spring-XD,39,129,0,133,126,0,0,0,20,0,0,0,0,0,0,9,0,0,0,0,0,0,0,0,2433,46,0,0,0,0,111,0,0,0,0,0,0,0,0,0,0,0,0,0,0,0,0,0,0,0,0,0,0,0,0,0,0,0,0,0,0,0,0,0,0,0,0,0,0,0,0,3046
Spring-DATAJPA,708,47,0,82,98,0,0,0,66,0,22,0,0,0,0,14,0,46,0,0,0,0,0,0,221,182,0,0,0,0,4,0,0,0,0,0,0,0,0,0,0,0,0,0,0,0,0,0,0,0,0,0,0,0,0,0,0,0,0,0,0,0,0,0,0,0,0,0,0,0,0,1490
Apache-APEXMALHAR,1455,64,2,31,49,1,1,0,5,12,64,0,0,1,0,8,0,2,0,0,0,0,0,0,0,0,2,0,0,0,0,0,0,0,0,0,0,0,0,0,0,0,0,0,0,0,0,0,0,0,0,0,0,0,0,0,0,0,0,0,0,0,0,0,0,0,0,0,0,0,0,1697
RedHat-DEVELOPER,0,66,0,4,0,0,0,0,53,0,4173,0,0,0,0,0,0,36,0,0,1,0,0,0,0,0,0,38,393,322,101,10,25,8,0,0,0,0,0,0,0,0,0,0,0,0,22,0,0,0,0,0,0,0,0,0,0,0,0,0,0,0,0,0,0,0,0,0,0,0,0,5252
Apache-CXF,6673,377,406,145,260,23,5,4,190,11,7,3,21,44,13,67,0,4,0,0,0,0,0,3,0,0,0,0,0,0,0,0,0,0,0,0,0,0,0,0,0,0,0,0,0,0,0,0,0,0,0,0,0,0,0,0,0,0,0,0,0,0,0,0,0,0,0,0,0,0,0,8256
Apache-ASTERIXDB,1746,70,36,99,112,2,4,1,35,40,24,0,5,3,3,3,1,3,0,0,0,0,0,0,0,0,1,0,0,0,0,0,0,0,0,0,0,0,0,0,0,0,0,0,0,0,0,0,0,0,0,0,0,0,0,0,0,0,0,0,0,0,0,0,0,0,0,0,0,0,0,2188
Apache-HADOOP,10009,1002,269,1514,408,32,12,12,176,29,67,1,13,3,2,75,1,9,9,1,0,0,0,0,0,0,0,0,0,0,0,0,0,0,0,0,0,0,0,0,0,0,0,0,0,0,0,0,0,0,0,0,0,0,0,0,0,0,0,0,0,0,0,0,0,0,0,0,0,0,0,13644
JiraEcosystem-UPM,2083,550,0,307,112,0,0,0,113,0,14,0,92,0,0,0,0,61,0,0,233,0,0,0,0,0,0,0,0,0,0,0,0,0,6,16,0,57,35,0,0,1,2,0,0,0,0,0,0,0,0,0,0,0,0,0,32,0,0,0,0,0,0,0,0,0,0,0,0,0,0,3714
JiraEcosystem-APL,708,82,0,90,29,0,0,0,28,0,4,0,8,0,0,4,0,5,0,0,222,0,0,0,0,0,0,0,0,0,0,0,0,0,9,0,0,9,6,0,0,0,0,0,0,0,0,0,0,0,0,0,0,0,0,0,0,0,0,0,0,0,0,0,0,0,0,0,0,0,0,1204
Spring-DATAGRAPH,181,200,0,47,28,0,0,0,25,0,2,0,0,0,0,1,0,10,0,0,0,0,0,0,868,28,0,0,0,0,12,0,0,0,0,0,0,0,0,0,0,0,0,0,0,0,0,0,0,0,0,0,0,0,0,0,0,0,0,0,0,0,0,0,0,0,0,0,0,0,0,1402
RedHat-CNV,1,0,0,57,0,0,0,0,4,0,653,0,55,0,0,0,0,75,0,0,55,3,3,0,0,0,0,0,0,0,0,0,0,0,0,0,0,0,0,0,0,0,0,0,0,0,0,0,0,0,0,0,0,0,0,0,0,0,0,0,0,0,0,0,0,0,0,0,306,0,0,1212
Apache-TIKA,2440,108,129,132,43,7,3,0,34,6,8,1,18,3,6,7,0,2,1,0,0,0,0,0,0,0,0,0,0,0,0,0,0,0,0,0,0,0,0,0,0,0,0,0,0,0,0,0,0,0,0,0,0,0,0,0,0,0,0,0,0,0,0,0,0,0,0,0,0,0,0,2948
Sonatype-MVNCENTRAL,0,0,0,0,0,0,0,0,0,0,0,0,0,0,0,0,0,0,0,0,0,0,0,0,0,0,0,0,0,0,0,0,0,0,0,0,0,0,0,0,0,0,0,0,0,0,0,0,0,0,0,0,0,0,0,0,0,0,0,0,0,0,0,0,0,0,0,0,0,0,0,0
Apache-DERBY,4654,238,68,387,272,2,1,2,176,0,5,0,7,1,1,13,0,0,0,0,0,0,0,0,0,0,0,0,0,0,0,0,0,0,0,0,0,0,0,0,0,0,0,0,0,0,0,0,0,0,0,0,0,0,0,0,0,0,0,0,0,0,0,0,0,0,0,0,0,0,0,5827
Apache-ATLAS,2990,54,43,165,173,6,48,92,81,6,72,0,42,8,3,7,1,15,0,1,0,0,0,1,0,0,0,0,0,0,0,0,0,0,0,0,0,0,0,0,0,0,0,0,0,0,0,0,0,0,0,0,0,0,0,0,0,0,0,0,0,0,0,0,0,0,0,0,0,0,0,3808
Apache-RANGER,3105,25,60,84,40,1,9,6,18,11,10,10,40,11,3,1,0,5,0,2,0,0,0,0,0,0,0,0,0,0,0,0,0,0,0,0,0,0,0,0,0,0,0,0,0,0,0,0,0,0,0,0,0,0,0,0,0,0,0,0,0,0,0,0,0,0,0,0,0,0,0,3441
Apache-CMIS,744,81,112,7,15,4,2,1,11,4,1,0,13,1,0,1,0,0,0,0,0,0,0,0,0,0,0,0,0,0,0,0,0,0,0,0,0,0,0,0,0,0,0,0,0,0,0,0,0,0,0,0,0,0,0,0,0,0,0,0,0,0,0,0,0,0,0,0,0,0,0,997
Apache-BEEHIVE,961,52,0,17,34,0,0,0,17,0,0,0,0,0,0,1,0,0,0,0,0,0,0,0,0,0,0,0,0,0,0,0,0,0,0,0,0,0,0,0,0,0,0,0,0,0,0,0,0,0,0,0,0,0,0,0,0,0,0,0,0,0,0,0,0,0,0,0,0,0,0,1082
Jira-CONFSERVER,12750,6259,0,4375,523,0,0,0,869,0,99,0,777,0,0,52,0,3178,0,0,2113,0,0,0,0,0,0,0,0,0,0,0,0,0,2235,12,16,1817,530,3,5,1996,168,46,1,0,0,0,0,0,0,0,0,0,0,0,0,0,0,0,0,0,0,0,0,0,0,0,0,0,0,37824
Apache-SUREFIRE,1130,124,108,186,22,1,1,4,125,0,12,0,48,3,0,28,1,2,2,32,0,0,0,8,0,0,0,0,0,0,0,0,0,0,0,0,0,0,0,0,0,0,0,0,0,0,0,0,0,0,0,0,0,0,0,0,0,0,0,0,0,0,0,0,0,0,0,0,0,0,0,1837
Jira-FE,2614,242,0,270,70,0,0,0,74,0,3,0,88,0,0,14,0,6,0,0,271,0,0,0,0,0,0,0,0,0,0,0,0,0,424,121,1,443,34,0,0,35,15,9,0,0,0,0,0,0,0,0,0,0,0,0,0,0,0,0,0,0,0,0,0,0,0,0,0,0,0,4734
Apache-MYFACES,3096,396,79,202,317,15,2,12,63,8,0,0,4,0,2,6,0,0,1,0,0,0,0,0,0,0,0,0,0,0,0,0,0,0,0,0,0,0,0,0,0,0,0,0,0,0,0,0,0,0,0,0,0,0,0,0,0,0,0,0,0,0,0,0,0,0,0,0,0,0,0,4203
MongoDB-JAVA,2619,379,0,284,0,0,0,0,64,0,274,0,0,0,0,37,0,35,0,0,0,0,0,0,0,395,0,0,0,0,0,0,0,0,0,0,0,0,0,0,0,0,0,0,0,0,0,0,0,0,0,0,0,0,0,0,0,8,0,0,0,0,0,0,0,0,0,0,0,85,15,4195
Spring-INT,800,177,0,99,127,0,0,0,19,0,0,0,0,0,0,0,0,0,0,0,0,0,0,0,3080,49,0,0,0,0,6,0,0,0,0,0,0,0,0,0,0,0,0,0,0,0,0,0,0,0,0,0,0,0,0,0,0,0,0,0,0,0,0,0,0,0,0,0,0,0,0,4357
Sonatype-OSSRH,66810,746,0,8022,0,0,0,0,94,0,638,0,489,0,0,863,0,646,0,0,0,0,0,0,0,0,0,0,0,0,0,0,0,0,0,0,0,0,0,0,0,0,0,0,0,0,0,0,0,0,0,0,0,0,0,0,0,0,0,0,0,0,43,6055,294,0,0,0,0,0,0,84700
Apache-ARTEMIS,3020,69,104,146,76,1,1,48,72,8,22,0,43,53,4,15,1,15,5,0,0,0,0,0,0,0,0,0,0,0,0,0,0,0,0,0,0,0,0,0,0,0,0,0,0,1,0,0,0,0,0,0,0,0,0,0,0,0,0,0,0,0,0,0,0,0,0,0,0,0,0,3704
JiraEcosystem-AC,286,89,0,142,19,0,0,0,18,0,239,0,51,0,0,3,0,6,0,0,59,0,0,0,0,0,0,1,0,0,0,0,0,0,9,2,0,61,56,0,0,1,8,0,0,0,0,1,0,0,0,0,0,0,0,0,2,0,0,0,0,0,0,0,0,0,0,0,0,0,0,1053
JFrog-HAP,0,0,0,29,0,0,0,0,4,0,645,0,49,0,0,0,0,0,0,0,0,0,0,0,0,0,0,0,0,0,5,0,0,0,0,0,0,0,0,0,0,0,0,0,0,0,0,0,0,0,0,0,0,0,0,0,0,0,0,0,0,0,0,0,0,0,0,0,0,0,0,732
Apache-SHINDIG,1535,66,17,27,60,14,0,1,21,1,0,0,0,0,0,1,0,0,0,0,0,0,0,0,0,0,0,0,0,0,0,0,0,0,0,0,0,0,0,0,0,0,0,0,0,0,0,0,0,0,0,0,0,0,0,0,0,0,0,0,0,0,0,0,0,0,0,0,0,0,0,1743
Apache-REEF,1319,29,20,41,34,3,6,0,7,94,38,0,1,1,0,2,0,10,0,0,0,0,0,0,0,0,1,0,0,0,0,0,0,0,0,0,0,0,0,0,0,0,0,0,0,0,0,0,0,0,0,0,0,0,0,0,0,0,0,0,0,0,0,0,0,0,0,0,0,0,0,1606
Apache-HAMA,696,127,6,21,7,10,0,0,0,0,0,0,0,0,0,0,0,0,0,0,0,0,0,0,0,0,0,0,0,0,0,0,0,0,0,0,0,0,0,0,0,0,0,0,0,0,0,0,0,0,0,0,0,0,0,0,0,0,0,0,0,0,0,0,0,0,0,0,0,0,0,867
Apache-TAJO,1488,125,37,73,11,3,3,0,57,4,3,1,0,0,0,1,0,0,0,0,0,0,0,0,0,0,0,0,0,0,0,0,0,0,0,0,0,0,0,0,0,0,0,0,0,0,0,0,0,0,0,0,0,0,0,0,0,0,0,0,0,0,0,0,0,0,0,0,0,0,0,1806
RedHat-WFLY,2,176,0,76,0,0,0,0,136,0,10767,0,50,0,0,0,0,159,0,0,79,5,1,0,0,0,0,699,634,382,20,23,18,69,0,0,0,0,0,0,0,0,0,0,0,0,12,0,0,3,0,0,0,0,0,0,0,0,0,0,0,0,0,0,0,0,0,0,0,0,0,13311
Apache-PDFBOX,3478,237,341,354,182,12,0,17,217,24,3,0,194,2,3,47,0,42,0,0,0,0,0,1,0,0,0,0,0,0,0,0,0,0,0,0,0,0,0,0,0,0,0,0,0,0,0,0,0,0,0,0,0,0,0,0,0,0,0,0,0,0,0,0,0,0,0,0,0,0,0,5154
Apache-XERCESJ,829,56,17,115,84,5,0,0,61,1,0,0,2,0,1,299,0,0,0,0,0,0,0,0,0,0,0,0,0,0,0,0,0,0,0,0,0,0,0,0,0,0,0,0,0,0,0,0,0,0,0,0,0,0,0,0,0,0,0,0,0,0,0,0,0,0,0,0,0,0,0,1470
Apache-AXIS,1310,103,4,88,96,1,0,1,102,2,0,0,1,0,0,135,0,0,0,0,0,0,0,0,0,0,0,0,0,0,0,0,0,0,0,0,0,0,0,0,0,0,0,0,0,0,0,0,0,0,0,0,0,0,0,0,0,0,0,0,0,0,0,0,0,0,0,0,0,0,0,1843
Apache-TUSCANY,3098,101,42,67,115,23,0,0,43,0,0,0,0,0,0,7,0,0,0,0,0,0,0,0,0,0,0,0,0,0,0,0,0,0,0,0,0,0,0,0,0,0,0,0,0,0,0,0,0,0,0,0,0,0,0,0,0,0,0,0,0,0,0,0,0,0,0,0,0,0,0,3496
RedHat-ARQ,0,38,0,0,0,0,0,0,5,0,1476,0,1,0,0,0,0,8,0,0,0,0,0,0,0,0,0,47,74,44,6,2,5,1,0,0,0,0,0,0,0,0,0,0,0,0,3,0,0,1,0,0,0,0,0,0,0,0,0,0,0,0,0,0,0,0,0,0,0,0,0,1711
Spring-DATAREST,524,16,0,53,17,0,0,0,7,0,0,0,0,0,0,0,0,0,0,0,0,0,0,0,202,43,0,0,0,0,0,0,0,0,0,0,0,0,0,0,0,0,0,0,0,0,0,0,0,0,0,0,0,0,0,0,0,0,0,0,0,0,0,0,0,0,0,0,0,0,0,862
Apache-IVY,1025,23,15,66,58,0,3,1,23,1,0,0,2,0,0,3,0,2,0,0,0,0,0,0,0,0,0,0,0,0,0,0,0,0,0,0,0,0,0,0,0,0,0,0,0,0,0,0,0,0,0,0,0,0,0,0,0,0,0,0,0,0,0,0,0,0,0,0,0,0,0,1222
RedHat-ENTMQST,1,3,0,21,0,0,0,0,15,0,2508,0,8,0,0,0,0,139,0,0,21,1,0,0,0,0,0,17,19,45,1,0,2,11,0,0,0,0,0,0,0,0,0,0,0,0,0,0,0,0,0,0,0,0,0,0,0,0,0,0,0,0,0,0,0,0,0,0,0,0,0,2812
Spring-SWS,516,73,0,30,43,0,0,0,31,0,0,0,0,0,0,1,0,0,0,0,0,0,0,0,179,8,0,0,0,0,10,0,0,0,0,0,0,0,0,0,0,0,0,0,0,0,0,0,0,0,0,0,0,0,0,0,0,0,0,0,0,0,0,0,0,0,0,0,0,0,0,891
Apache-STANBOL,1155,44,15,13,9,7,2,1,9,15,25,15,1,0,0,4,0,1,1,0,0,0,0,0,0,0,0,0,0,0,0,0,0,0,0,0,0,0,0,0,0,0,0,0,0,0,0,0,0,0,0,0,0,0,0,0,0,0,0,0,0,0,0,0,0,0,0,0,0,0,0,1317
Apache-SQOOP,1996,69,73,86,33,0,2,0,4,5,6,1,4,1,0,0,0,2,0,1,0,0,0,0,0,0,0,0,0,0,0,0,0,0,0,0,0,0,0,0,0,0,0,0,0,0,0,0,0,0,0,0,0,0,0,0,0,0,0,0,0,0,0,0,0,0,0,0,0,0,0,2283
Apache-OLINGO,957,43,67,38,15,14,13,1,20,22,41,0,6,24,1,4,0,1,0,4,0,0,0,0,0,0,0,0,0,0,0,0,0,0,0,0,0,0,0,0,0,0,0,0,0,0,0,0,0,0,0,0,0,0,0,0,0,0,0,0,0,0,0,0,0,0,0,0,0,0,0,1271
RedHat-FORGE,0,113,0,0,0,0,0,0,49,0,1865,0,0,0,0,0,0,30,0,0,0,0,0,0,0,0,0,56,114,65,14,4,8,1,0,0,0,0,0,0,0,0,0,0,0,0,8,0,0,0,0,0,0,0,0,0,0,0,0,0,0,0,0,0,0,0,0,0,0,0,0,2327
Apache-OPENJPA,1806,50,57,60,64,1,1,5,36,0,0,0,0,1,2,4,0,0,0,1,0,0,0,0,0,0,0,0,0,0,0,0,0,0,0,0,0,0,0,0,0,0,0,0,0,0,0,0,0,0,0,0,0,0,0,0,0,0,0,0,0,0,0,0,0,0,0,0,0,0,0,2088
RedHat-AS7,0,148,0,17,0,0,0,0,96,0,4293,0,0,0,0,0,0,33,0,0,10,0,0,0,0,0,0,364,227,179,25,11,21,0,0,0,0,0,0,0,0,0,0,0,0,0,3,0,0,0,0,0,0,0,0,0,0,0,0,0,0,0,0,0,0,0,0,0,0,0,0,5427
RedHat-TEIID,0,91,0,6,0,0,0,0,36,0,4631,0,2,0,0,0,0,36,0,0,5,1,0,0,0,0,0,223,254,171,128,36,28,28,0,0,0,0,0,0,0,0,0,0,0,0,7,0,0,0,0,0,0,0,0,0,0,0,0,0,0,0,0,0,0,0,0,0,0,0,0,5683
Apache-TAPESTRY,1664,182,1,153,234,4,0,0,54,0,0,0,0,0,0,33,0,0,0,0,0,0,0,0,0,0,0,0,0,0,0,0,0,0,0,0,0,0,0,0,0,0,0,0,0,0,0,0,0,0,0,0,0,0,0,0,0,0,0,0,0,0,0,0,0,0,0,0,0,0,0,2325
Apache-EAGLE,667,29,13,8,1,0,66,0,3,2,27,0,3,0,0,0,0,0,0,0,0,0,0,0,0,0,0,0,0,0,0,0,0,0,0,0,0,0,0,0,0,0,0,0,0,0,0,0,0,0,0,0,0,0,0,0,0,0,0,0,0,0,0,0,0,0,0,0,0,0,0,819
Apache-MAPREDUCE,3690,409,217,661,201,11,2,5,80,7,3,0,6,0,0,127,0,7,0,0,0,0,0,0,0,0,0,0,0,0,0,0,0,0,0,0,0,0,0,0,0,0,0,0,0,0,0,0,0,0,0,0,0,0,0,0,0,0,0,0,0,0,0,0,0,0,0,0,0,0,0,5426
Apache-JSPWIKI,692,68,17,35,64,1,0,1,20,0,1,0,1,0,0,5,0,0,0,0,0,0,0,0,0,0,0,0,0,0,0,0,0,0,0,0,0,0,0,0,0,0,0,0,0,0,0,0,0,0,0,0,0,0,0,0,0,0,0,0,0,0,0,0,0,0,0,0,0,0,0,905
Apache-ZOOKEEPER,2307,85,82,233,118,6,4,3,40,16,11,0,13,10,2,3,0,9,1,0,0,0,0,0,0,0,0,0,0,0,0,0,0,0,0,0,0,0,0,0,0,0,0,0,0,0,0,0,0,0,0,0,0,0,0,0,0,0,0,0,0,0,0,0,0,0,0,0,0,0,0,2943
Apache-CAMEL,15546,965,391,332,357,88,16,210,156,147,44,8,91,128,11,54,4,19,3,9,0,0,0,0,0,0,0,0,0,0,0,0,0,0,0,0,0,0,0,0,0,0,0,0,0,0,0,0,0,0,0,0,0,0,0,0,0,0,0,0,0,0,0,0,0,0,0,0,0,0,0,18579
RedHat-ENTMQ,0,83,0,9,0,0,0,0,33,0,1117,0,12,0,0,0,0,35,0,0,10,2,0,0,0,0,0,32,70,34,3,7,6,19,0,0,0,0,0,0,0,0,0,0,0,0,0,0,0,1,0,0,0,0,0,0,0,0,0,0,0,0,0,0,0,0,0,0,0,0,0,1473
RedHat-RHCLOUD,3,0,0,102,0,0,0,0,7,0,2603,0,14,0,0,0,0,126,0,0,33,3,4,0,0,0,0,0,0,0,0,0,0,0,0,0,0,0,0,0,0,0,0,0,0,0,0,0,0,0,0,0,0,0,0,0,0,0,0,0,0,0,0,0,0,0,0,0,0,0,0,2895
Apache-LUCENE,7173,536,195,299,217,17,14,17,39,28,19,2,10,6,8,98,0,14,1,1,0,0,0,0,0,0,0,0,0,0,0,0,0,0,0,0,0,0,0,0,0,0,0,0,0,1,0,0,0,0,0,0,0,0,0,0,0,0,0,0,0,0,0,0,0,0,0,0,0,0,0,8695
